{"type":"FeatureCollection","features":[{"type":"Feature","geometry":{"type":"Polygon","coordinates":[[[80.5495741,16.4352713],[80.5495742,16.4352713],[80.549579,16.4352717],[80.5496164,16.4348922],[80.5493857,16.434874],[80.5493468,16.4352529],[80.5494042,16.4352573],[80.5494044,16.4352574],[80.5495741,16.4352713]]]},"properties":{"ulpin":"TFCM2ZYE098E3E","survey_no":"433/2B","sub_division":"2B","state":"AP","village":"Mangalagiri (R)","land_use":"commercial","zone_code":"C1","area_sqm":1044.61,"owner_name":"Swarna Latha Pamidi","ownership_type":"patta","story":null,"s2_label":"no_significant_change"}},{"type":"Feature","geometry":{"type":"Polygon","coordinates":[[[80.5497439,16.4352855],[80.5498468,16.435294],[80.5498507,16.4351118],[80.5498508,16.4351114],[80.5498571,16.4349111],[80.5496164,16.4348922],[80.549579,16.4352717],[80.5497439,16.4352855]]]},"properties":{"ulpin":"TFCM2ZY4B2480F","survey_no":"434","sub_division":null,"state":"AP","village":"Mangalagiri (R)","land_use":"commercial","zone_code":"C1","area_sqm":1148.4,"owner_name":"Siva Kumar Kakumanu","ownership_type":"patta","story":null,"s2_label":"no_significant_change"}},{"type":"Feature","geometry":{"type":"Polygon","coordinates":[[[80.5494146,16.4345927],[80.5493857,16.434874],[80.5496624,16.4348958],[80.5496788,16.4346066],[80.5494146,16.4345927]]]},"properties":{"ulpin":"TFCM2ZY7709889","survey_no":"436/1","sub_division":"1","state":"AP","village":"Mangalagiri (R)","land_use":"residential","zone_code":"R2","area_sqm":915.81,"owner_name":"Krisha Kapoor","ownership_type":"patta","story":null,"s2_label":"no_significant_change"}},{"type":"Feature","geometry":{"type":"Polygon","coordinates":[[[80.5498615,16.4347724],[80.549868,16.4346167],[80.5496788,16.4346066],[80.5496624,16.4348958],[80.5498571,16.4349111],[80.5498615,16.4347729],[80.5498615,16.4347724]]]},"properties":{"ulpin":"TFCM2ZY861F0F5","survey_no":"436/2","sub_division":"2","state":"AP","village":"Mangalagiri (R)","land_use":"residential","zone_code":"R2","area_sqm":662.38,"owner_name":"Veeraiah Nandigam","ownership_type":"patta","story":null,"s2_label":"no_significant_change"}},{"type":"Feature","geometry":{"type":"Polygon","coordinates":[[[80.5493818,16.4349117],[80.5494146,16.4345927],[80.5492078,16.4345817],[80.5491806,16.4349056],[80.5493818,16.4349117]]]},"properties":{"ulpin":"TFCM2ZYD1E3AA7","survey_no":"435/2","sub_division":"2","state":"AP","village":"Mangalagiri (R)","land_use":"residential","zone_code":"R2","area_sqm":777.37,"owner_name":"Charan Chahal","ownership_type":"patta","story":null,"s2_label":"no_significant_change"}},{"type":"Feature","geometry":{"type":"Polygon","coordinates":[[[80.5491806,16.4349056],[80.5492078,16.4345817],[80.5490124,16.4345714],[80.5490125,16.4346214],[80.5490135,16.4347613],[80.5490152,16.4349005],[80.5491806,16.4349056]]]},"properties":{"ulpin":"TFCM2ZY5FE0F01","survey_no":"435/1","sub_division":"1","state":"AP","village":"Mangalagiri (R)","land_use":"agricultural","zone_code":"R2","area_sqm":698.02,"owner_name":"Anamika Balan","ownership_type":"patta","story":null,"s2_label":"no_significant_change"}},{"type":"Feature","geometry":{"type":"Polygon","coordinates":[[[80.5492342,16.4352442],[80.5492345,16.4352442],[80.5493468,16.4352529],[80.5493818,16.4349117],[80.5492105,16.4349065],[80.5491934,16.4352413],[80.5492342,16.4352442]]]},"properties":{"ulpin":"TFCM2ZY7EB285C","survey_no":"433/2A","sub_division":"2A","state":"AP","village":"Mangalagiri (R)","land_use":"commercial","zone_code":"C1","area_sqm":650.56,"owner_name":"Venkateswarlu Dasari","ownership_type":"patta","story":null,"s2_label":"no_significant_change"}},{"type":"Feature","geometry":{"type":"Polygon","coordinates":[[[80.5490177,16.4350407],[80.549021,16.4351804],[80.5490225,16.4352297],[80.549064,16.4352323],[80.5490644,16.4352323],[80.5491934,16.4352413],[80.5492105,16.4349065],[80.5490152,16.4349005],[80.5490152,16.434901],[80.5490177,16.4350407]]]},"properties":{"ulpin":"TFCM2ZY535F1E6","survey_no":"433/1","sub_division":"1","state":"AP","village":"Mangalagiri (R)","land_use":"commercial","zone_code":"C1","area_sqm":719.8,"owner_name":"Kondaiah Gudivada","ownership_type":"patta","story":null,"s2_label":"no_significant_change"}},{"type":"Feature","geometry":{"type":"Polygon","coordinates":[[[80.5498757,16.4344336],[80.5498813,16.4343262],[80.5496813,16.434317],[80.5496746,16.4346064],[80.549868,16.4346167],[80.5498757,16.4344341],[80.5498757,16.4344336]]]},"properties":{"ulpin":"TFCM2ZYBA46747","survey_no":"437/4","sub_division":"4","state":"AP","village":"Mangalagiri (R)","land_use":"residential","zone_code":"R2","area_sqm":673.62,"owner_name":"Aruna Kumari Mekala","ownership_type":"patta","story":null,"s2_label":"no_significant_change"}},{"type":"Feature","geometry":{"type":"Polygon","coordinates":[[[80.5494503,16.4343065],[80.549436,16.4345938],[80.5496746,16.4346064],[80.5496813,16.434317],[80.5494503,16.4343065]]]},"properties":{"ulpin":"TFCM2ZY751D1A6","survey_no":"437/3","sub_division":"3","state":"AP","village":"Mangalagiri (R)","land_use":"residential","zone_code":"R2","area_sqm":801.15,"owner_name":"Imaran Sen","ownership_type":"patta","story":null,"s2_label":"no_significant_change"}},{"type":"Feature","geometry":{"type":"Polygon","coordinates":[[[80.5494656,16.434],[80.5494503,16.4343065],[80.5496973,16.4343178],[80.5497162,16.434],[80.5494656,16.434]]]},"properties":{"ulpin":"TFCM2ZW32A5044","survey_no":"438","sub_division":null,"state":"AP","village":"Mangalagiri (R)","land_use":"residential","zone_code":"R2","area_sqm":918.36,"owner_name":"Aarini Dutta","ownership_type":"joint","story":null,"s2_label":"no_significant_change"}},{"type":"Feature","geometry":{"type":"Polygon","coordinates":[[[80.5498933,16.4340949],[80.5498992,16.434],[80.5497162,16.434],[80.5496973,16.4343178],[80.5498813,16.4343262],[80.5498933,16.4340954],[80.5498933,16.4340949]]]},"properties":{"ulpin":"TFCM2ZWC98739F","survey_no":"439","sub_division":null,"state":"AP","village":"Mangalagiri (R)","land_use":"residential","zone_code":"R2","area_sqm":697.29,"owner_name":"Janaki Nayar","ownership_type":"patta","story":null,"s2_label":"no_significant_change"}},{"type":"Feature","geometry":{"type":"Polygon","coordinates":[[[80.549436,16.4345938],[80.5494509,16.4342949],[80.5492543,16.4342847],[80.5492476,16.4345838],[80.549436,16.4345938]]]},"properties":{"ulpin":"TFCM2ZY313977D","survey_no":"437/2","sub_division":"2","state":"AP","village":"Mangalagiri (R)","land_use":"residential","zone_code":"R2","area_sqm":680.87,"owner_name":"Chakradhar Rai","ownership_type":"patta","story":null,"s2_label":"no_significant_change"}},{"type":"Feature","geometry":{"type":"Polygon","coordinates":[[[80.5490121,16.4344815],[80.5490124,16.4345714],[80.5492476,16.4345838],[80.5492543,16.4342847],[80.5490124,16.4342721],[80.5490122,16.4343416],[80.5490121,16.4344815]]]},"properties":{"ulpin":"TFCM2ZY8A461AF","survey_no":"437/1","sub_division":"1","state":"AP","village":"Mangalagiri (R)","land_use":"residential","zone_code":"R2","area_sqm":844.18,"owner_name":"Bhavani Vemuri","ownership_type":"joint","story":null,"s2_label":"no_significant_change"}},{"type":"Feature","geometry":{"type":"Polygon","coordinates":[[[80.5494509,16.4342949],[80.5494656,16.434],[80.5494,16.434],[80.5492106,16.434],[80.5491994,16.4342818],[80.5494509,16.4342949]]]},"properties":{"ulpin":"TFCM2ZW3F90B24","survey_no":"437/6","sub_division":"6","state":"AP","village":"Mangalagiri (R)","land_use":"residential","zone_code":"R2","area_sqm":863.27,"owner_name":"Rachita Padmanabhan","ownership_type":"patta","story":null,"s2_label":"no_significant_change"}},{"type":"Feature","geometry":{"type":"Polygon","coordinates":[[[80.5490126,16.4342016],[80.5490124,16.4342721],[80.5491994,16.4342818],[80.5492106,16.434],[80.5489667,16.434],[80.5490135,16.4340002],[80.5490132,16.4340616],[80.5490126,16.4342016]]]},"properties":{"ulpin":"TFCM2ZW0990D0E","survey_no":"437/5","sub_division":"5","state":"AP","village":"Mangalagiri (R)","land_use":"vacant","zone_code":"R2","area_sqm":628.82,"owner_name":"Ranbir Brar","ownership_type":"patta","story":null,"s2_label":"no_significant_change"}},{"type":"Feature","geometry":{"type":"Polygon","coordinates":[[[80.5644805,16.4449644],[80.5644805,16.4449649],[80.5644892,16.4451105],[80.5644892,16.4451112],[80.5644956,16.4452567],[80.5644957,16.4452575],[80.5644994,16.4454028],[80.5644995,16.4454038],[80.5645003,16.4455488],[80.5645003,16.4455499],[80.5644986,16.4456484],[80.5659322,16.4456276],[80.5659485,16.444967],[80.5644767,16.4449114],[80.5644805,16.4449644]]]},"properties":{"ulpin":"TFCM93C00C9E28","survey_no":"169/2","sub_division":"2","state":"AP","village":"Mangalagiri (R)","land_use":"agricultural","zone_code":"AG","area_sqm":11937.71,"owner_name":"Pratyush Handa","ownership_type":"joint","story":null,"s2_label":"no_significant_change"}},{"type":"Feature","geometry":{"type":"Polygon","coordinates":[[[80.5644978,16.4456947],[80.5644978,16.4456959],[80.5644919,16.4458405],[80.5644919,16.4458417],[80.5644825,16.4459861],[80.5644824,16.4459873],[80.5644695,16.4461314],[80.5644694,16.4461326],[80.5644529,16.4462765],[80.5644528,16.4462776],[80.5644331,16.4464213],[80.5644329,16.4464223],[80.5644251,16.4464712],[80.5646789,16.4464775],[80.5652581,16.4464902],[80.5658372,16.4465011],[80.5659106,16.4465021],[80.5659322,16.4456276],[80.5644986,16.4456484],[80.5644978,16.4456947]]]},"properties":{"ulpin":"TFCM93C10D44DC","survey_no":"169/1","sub_division":"1","state":"AP","village":"Mangalagiri (R)","land_use":"agricultural","zone_code":"AG","area_sqm":14556.21,"owner_name":"Aradhana Kari","ownership_type":"patta","story":null,"s2_label":"no_significant_change"}},{"type":"Feature","geometry":{"type":"Polygon","coordinates":[[[80.5659485,16.444967],[80.5659106,16.4465021],[80.5659765,16.4465031],[80.566099,16.4463446],[80.5660995,16.446344],[80.5662474,16.4461546],[80.5663948,16.4459656],[80.5665403,16.4457763],[80.5666826,16.4455861],[80.566821,16.4453945],[80.5668714,16.4453215],[80.567,16.4454042],[80.567,16.44525],[80.567,16.4450068],[80.5659485,16.444967]]]},"properties":{"ulpin":"TFCM93F8F938CE","survey_no":"169/3","sub_division":"3","state":"AP","village":"Mangalagiri (R)","land_use":"agricultural","zone_code":"AG","area_sqm":11305.3,"owner_name":"Prasad Dasari","ownership_type":"patta","story":null,"s2_label":"no_significant_change"}},{"type":"Feature","geometry":{"type":"Polygon","coordinates":[[[80.5644017,16.4439626],[80.5644102,16.4440897],[80.5644214,16.444235],[80.5644335,16.4443806],[80.564446,16.4445264],[80.564446,16.4445264],[80.5644584,16.4446723],[80.5644584,16.4446725],[80.5644701,16.4448183],[80.5644701,16.4448187],[80.5644767,16.4449114],[80.5654838,16.4449495],[80.5655051,16.4438977],[80.5644017,16.4439626]]]},"properties":{"ulpin":"TFCM939B9450D9","survey_no":"169/5","sub_division":"5","state":"AP","village":"Mangalagiri (R)","land_use":"agricultural","zone_code":"AG","area_sqm":12475.67,"owner_name":"Prasad Gorantla","ownership_type":"patta","story":null,"s2_label":"no_significant_change"}},{"type":"Feature","geometry":{"type":"Polygon","coordinates":[[[80.5660727,16.4438921],[80.5657725,16.4438674],[80.5657641,16.4438668],[80.5657651,16.4438823],[80.5655051,16.4438977],[80.5654838,16.4449495],[80.5661246,16.4449737],[80.566169,16.4439004],[80.5660727,16.4438921]]]},"properties":{"ulpin":"TFCM93DCABDE0F","survey_no":"169/6","sub_division":"6","state":"AP","village":"Mangalagiri (R)","land_use":"agricultural","zone_code":"AG","area_sqm":8292.64,"owner_name":"Ramesh Babu Ravuri","ownership_type":"patta","story":null,"s2_label":"no_significant_change"}},{"type":"Feature","geometry":{"type":"Polygon","coordinates":[[[80.567,16.4439242],[80.5669953,16.4439737],[80.5669741,16.4439718],[80.566974,16.4439718],[80.5666735,16.4439449],[80.566373,16.4439181],[80.566169,16.4439004],[80.5661246,16.4449737],[80.567,16.4450068],[80.567,16.4448],[80.567,16.44435],[80.567,16.4439242]]]},"properties":{"ulpin":"TFCM93DF3D873D","survey_no":"169/4","sub_division":"4","state":"AP","village":"Mangalagiri (R)","land_use":"residential","zone_code":"AG","area_sqm":10627.25,"owner_name":"Annapurna Pamidi","ownership_type":"patta","story":null,"s2_label":"no_significant_change"}},{"type":"Feature","geometry":{"type":"Polygon","coordinates":[[[80.5468972,16.4432702],[80.5469079,16.4431561],[80.5469079,16.4431555],[80.5469379,16.4428719],[80.5469379,16.4428715],[80.5469705,16.4425881],[80.5469705,16.4425878],[80.5470048,16.4423045],[80.5470048,16.4423044],[80.5470398,16.4420211],[80.5470744,16.441738],[80.547086,16.4416396],[80.5467385,16.4416418],[80.5467377,16.4416418],[80.5462295,16.4416398],[80.5461796,16.4432709],[80.5468972,16.4432702]]]},"properties":{"ulpin":"TFCM8CKB600FB9","survey_no":"115/5","sub_division":"5","state":"AP","village":"Mangalagiri (R)","land_use":"agricultural","zone_code":"AG","area_sqm":15083.03,"owner_name":"Balendra Garg","ownership_type":"patta","story":null,"s2_label":"no_significant_change"}},{"type":"Feature","geometry":{"type":"Polygon","coordinates":[[[80.5462295,16.4416398],[80.5461585,16.4416395],[80.5461577,16.4416395],[80.5455784,16.4416314],[80.5455777,16.4416314],[80.545,16.4416179],[80.545,16.44165],[80.545,16.4421],[80.545,16.4423816],[80.5462056,16.442419],[80.5462295,16.4416398]]]},"properties":{"ulpin":"TFCM8C55F10C27","survey_no":"115/6","sub_division":"6","state":"AP","village":"Mangalagiri (R)","land_use":"agricultural","zone_code":"AG","area_sqm":11071.48,"owner_name":"Venkata Ramana Pothula","ownership_type":"patta","story":null,"s2_label":"no_significant_change"}},{"type":"Feature","geometry":{"type":"Polygon","coordinates":[[[80.545,16.4432721],[80.5461796,16.4432709],[80.5462056,16.442419],[80.545,16.4423816],[80.545,16.44255],[80.545,16.443],[80.545,16.4432721]]]},"properties":{"ulpin":"TFCM8C7958C4FE","survey_no":"115/4","sub_division":"4","state":"AP","village":"Mangalagiri (R)","land_use":"agricultural","zone_code":"AG","area_sqm":12272.68,"owner_name":"Kamala Pothula","ownership_type":"patta","story":null,"s2_label":"no_significant_change"}},{"type":"Feature","geometry":{"type":"Polygon","coordinates":[[[80.546817,16.4445929],[80.5468172,16.4445819],[80.5468172,16.4445812],[80.5468266,16.4442961],[80.5468266,16.4442954],[80.5468404,16.4440107],[80.5468404,16.4440099],[80.5468586,16.4437255],[80.5468587,16.4437248],[80.5468813,16.4434406],[80.5468813,16.44344],[80.5468972,16.4432702],[80.5459134,16.4432712],[80.5459392,16.4445958],[80.546817,16.4445929]]]},"properties":{"ulpin":"TFCM8CS5A95679","survey_no":"115/3","sub_division":"3","state":"AP","village":"Mangalagiri (R)","land_use":"agricultural","zone_code":"AG","area_sqm":14427.88,"owner_name":"Bhavani Kandula","ownership_type":"patta","story":null,"s2_label":"no_significant_change"}},{"type":"Feature","geometry":{"type":"Polygon","coordinates":[[[80.545,16.4439],[80.545,16.44435],[80.545,16.444599],[80.5459392,16.4445958],[80.5459134,16.4432712],[80.545,16.4432721],[80.545,16.44345],[80.545,16.4439]]]},"properties":{"ulpin":"TFCM8CE1374858","survey_no":"115/2","sub_division":"2","state":"AP","village":"Mangalagiri (R)","land_use":"agricultural","zone_code":"AG","area_sqm":14502.78,"owner_name":"Koteswara Rao Boppana","ownership_type":"patta","story":null,"s2_label":"no_significant_change"}},{"type":"Feature","geometry":{"type":"Polygon","coordinates":[[[80.5461449,16.4467161],[80.5467237,16.4467061],[80.5468212,16.4467039],[80.5468216,16.446583],[80.54682,16.4462975],[80.546817,16.4460118],[80.5468138,16.4457464],[80.5457506,16.4457609],[80.545728,16.4467209],[80.5461449,16.4467161]]]},"properties":{"ulpin":"TFCM8CUA475178","survey_no":"114/2","sub_division":"2","state":"AP","village":"Mangalagiri (R)","land_use":"agricultural","zone_code":"AG","area_sqm":12231.86,"owner_name":"Gopala Krishna Yarlagadda","ownership_type":"patta","story":null,"s2_label":"new_construction"}},{"type":"Feature","geometry":{"type":"Polygon","coordinates":[[[80.545,16.4466],[80.545,16.446726],[80.5455661,16.4467227],[80.545728,16.4467209],[80.5457506,16.4457609],[80.545,16.4457711],[80.545,16.44615],[80.545,16.4466]]]},"properties":{"ulpin":"TFCM8CG1DB6E38","survey_no":"114/1","sub_division":"1","state":"AP","village":"Mangalagiri (R)","land_use":"agricultural","zone_code":"AG","area_sqm":8361.96,"owner_name":"Ayaan Karnik","ownership_type":"patta","story":null,"s2_label":"no_significant_change"}},{"type":"Feature","geometry":{"type":"Polygon","coordinates":[[[80.5468138,16.4457464],[80.5468136,16.4457259],[80.5468136,16.4457257],[80.546811,16.4454399],[80.546811,16.4454396],[80.5468101,16.4451538],[80.5468101,16.4451534],[80.5468119,16.4448678],[80.5468119,16.4448672],[80.546817,16.4445929],[80.5460387,16.4445955],[80.5460299,16.4457571],[80.5468138,16.4457464]]]},"properties":{"ulpin":"TFCM8CU3B07FD9","survey_no":"115/1","sub_division":"1","state":"AP","village":"Mangalagiri (R)","land_use":"agricultural","zone_code":"AG","area_sqm":10631.75,"owner_name":"Nisha Rattan","ownership_type":"joint","story":null,"s2_label":"no_significant_change"}},{"type":"Feature","geometry":{"type":"Polygon","coordinates":[[[80.545,16.4457],[80.545,16.4457711],[80.5460299,16.4457571],[80.5460387,16.4445955],[80.545,16.444599],[80.545,16.4448],[80.545,16.44525],[80.545,16.4457]]]},"properties":{"ulpin":"TFCM8CG109BAE5","survey_no":"114/3","sub_division":"3","state":"AP","village":"Mangalagiri (R)","land_use":"agricultural","zone_code":"AG","area_sqm":14252.55,"owner_name":"Suresh Kumar Ravuri","ownership_type":"patta","story":null,"s2_label":"no_significant_change"}},{"type":"Feature","geometry":{"type":"Polygon","coordinates":[[[80.5566287,16.4420812],[80.5566485,16.4424246],[80.5569977,16.4423877],[80.5569507,16.4420446],[80.5566287,16.4420812]]]},"properties":{"ulpin":"TFCM91589698B1","survey_no":"171/1","sub_division":"1","state":"AP","village":"Mangalagiri (R)","land_use":"agricultural","zone_code":"AG","area_sqm":1375.02,"owner_name":"Peda Babu Nallamothu","ownership_type":"patta","story":null,"s2_label":"no_significant_change"}},{"type":"Feature","geometry":{"type":"Polygon","coordinates":[[[80.5569507,16.4420446],[80.5569977,16.4423877],[80.557236,16.4423625],[80.5572113,16.442015],[80.5569507,16.4420446]]]},"properties":{"ulpin":"TFCM915A0AF174","survey_no":"171/2","sub_division":"2","state":"AP","village":"Mangalagiri (R)","land_use":"agricultural","zone_code":"AG","area_sqm":1028.9,"owner_name":"Bachittar Kakar","ownership_type":"patta","story":null,"s2_label":"no_significant_change"}},{"type":"Feature","geometry":{"type":"Polygon","coordinates":[[[80.5568689,16.4417496],[80.5569114,16.442049],[80.5572113,16.442015],[80.5571904,16.441722],[80.5568689,16.4417496]]]},"properties":{"ulpin":"TFCM915DDE7545","survey_no":"173/1","sub_division":"1","state":"AP","village":"Mangalagiri (R)","land_use":"agricultural","zone_code":"AG","area_sqm":1098.18,"owner_name":"Pardhasaradhi Kakumanu","ownership_type":"patta","story":null,"s2_label":"no_significant_change"}},{"type":"Feature","geometry":{"type":"Polygon","coordinates":[[[80.5566109,16.4417717],[80.5566287,16.4420812],[80.5569114,16.442049],[80.5568689,16.4417496],[80.5566109,16.4417717]]]},"properties":{"ulpin":"TFCM9159ED9DE5","survey_no":"172","sub_division":null,"state":"AP","village":"Mangalagiri (R)","land_use":"agricultural","zone_code":"AG","area_sqm":981.63,"owner_name":"Subba Rao Gudivada","ownership_type":"joint","story":null,"s2_label":"no_significant_change"}},{"type":"Feature","geometry":{"type":"Polygon","coordinates":[[[80.5566316,16.4421312],[80.5566109,16.4417717],[80.5563225,16.4417965],[80.5563585,16.4421609],[80.5566316,16.4421312]]]},"properties":{"ulpin":"TFCM915093F7A5","survey_no":"171/4","sub_division":"4","state":"AP","village":"Mangalagiri (R)","land_use":"agricultural","zone_code":"AG","area_sqm":1209.16,"owner_name":"Satyanarayana Alapati","ownership_type":"patta","story":null,"s2_label":"no_significant_change"}},{"type":"Feature","geometry":{"type":"Polygon","coordinates":[[[80.5563585,16.4421609],[80.5563225,16.4417965],[80.55601,16.4418232],[80.5560364,16.4420281],[80.5560364,16.4420283],[80.5560573,16.4421937],[80.5563585,16.4421609]]]},"properties":{"ulpin":"TFCM915DD44FD5","survey_no":"171/3","sub_division":"3","state":"AP","village":"Mangalagiri (R)","land_use":"residential","zone_code":"C1","area_sqm":1345.85,"owner_name":"Rajendra Prasad Chalasani","ownership_type":"patta","story":null,"s2_label":"no_significant_change"}},{"type":"Feature","geometry":{"type":"Polygon","coordinates":[[[80.5566485,16.4424246],[80.5566316,16.4421312],[80.556292,16.4421682],[80.5563279,16.4424585],[80.5566485,16.4424246]]]},"properties":{"ulpin":"TFCM915A1398F8","survey_no":"170/3","sub_division":"3","state":"AP","village":"Mangalagiri (R)","land_use":"agricultural","zone_code":"AG","area_sqm":1149.06,"owner_name":"Hitesh Tata","ownership_type":"patta","story":null,"s2_label":"no_significant_change"}},{"type":"Feature","geometry":{"type":"Polygon","coordinates":[[[80.5563279,16.4424585],[80.556292,16.4421682],[80.5560573,16.4421937],[80.5560939,16.4424833],[80.5563279,16.4424585]]]},"properties":{"ulpin":"TFCM915BEEC98F","survey_no":"170/2","sub_division":"2","state":"AP","village":"Mangalagiri (R)","land_use":"residential","zone_code":"C1","area_sqm":813.32,"owner_name":"Peda Babu Pothula","ownership_type":"patta","story":null,"s2_label":"no_significant_change"}},{"type":"Feature","geometry":{"type":"Polygon","coordinates":[[[80.5566064,16.4410665],[80.5566359,16.4413981],[80.556866,16.4413835],[80.5568543,16.4410541],[80.5566064,16.4410665]]]},"properties":{"ulpin":"TFCM91593B13C9","survey_no":"175/2A","sub_division":"2A","state":"AP","village":"Mangalagiri (R)","land_use":"commercial","zone_code":"C1","area_sqm":936.28,"owner_name":"Ekiya Koshy","ownership_type":"patta","story":null,"s2_label":"no_significant_change"}},{"type":"Feature","geometry":{"type":"Polygon","coordinates":[[[80.5568543,16.4410541],[80.556866,16.4413835],[80.5571649,16.4413646],[80.5571417,16.4410397],[80.5568543,16.4410541]]]},"properties":{"ulpin":"TFCM9158772878","survey_no":"175/2B","sub_division":"2B","state":"AP","village":"Mangalagiri (R)","land_use":"commercial","zone_code":"C1","area_sqm":1135.91,"owner_name":"Anjaneyulu Boppana","ownership_type":"joint","story":null,"s2_label":"no_significant_change"}},{"type":"Feature","geometry":{"type":"Polygon","coordinates":[[[80.5566359,16.4413981],[80.5566686,16.4417668],[80.5569325,16.4417442],[80.5568838,16.4413824],[80.5566359,16.4413981]]]},"properties":{"ulpin":"TFCM9153F80F3E","survey_no":"173/5","sub_division":"5","state":"AP","village":"Mangalagiri (R)","land_use":"agricultural","zone_code":"AG","area_sqm":1112.8,"owner_name":"Imaran Devi","ownership_type":"patta","story":null,"s2_label":"no_significant_change"}},{"type":"Feature","geometry":{"type":"Polygon","coordinates":[[[80.5568838,16.4413824],[80.5569325,16.4417442],[80.5571904,16.441722],[80.5571649,16.4413646],[80.5568838,16.4413824]]]},"properties":{"ulpin":"TFCM915D4E37B9","survey_no":"174/1","sub_division":"1","state":"AP","village":"Mangalagiri (R)","land_use":"agricultural","zone_code":"AG","area_sqm":1153.2,"owner_name":"Gopala Krishna Ravuri","ownership_type":"patta","story":null,"s2_label":"no_significant_change"}},{"type":"Feature","geometry":{"type":"Polygon","coordinates":[[[80.5566686,16.4417668],[80.5566302,16.4413348],[80.5563199,16.4413627],[80.5563764,16.4417918],[80.5566686,16.4417668]]]},"properties":{"ulpin":"TFCM915EEE3174","survey_no":"173/4","sub_division":"4","state":"AP","village":"Mangalagiri (R)","land_use":"agricultural","zone_code":"AG","area_sqm":1546.95,"owner_name":"Koteswara Rao Chebrolu","ownership_type":"patta","story":null,"s2_label":"no_significant_change"}},{"type":"Feature","geometry":{"type":"Polygon","coordinates":[[[80.5563199,16.4413627],[80.5559552,16.4413954],[80.555975,16.4415508],[80.5559823,16.4416071],[80.5563444,16.441549],[80.5563199,16.4413627]]]},"properties":{"ulpin":"TFCM9151DBF8CC","survey_no":"173/2","sub_division":"2","state":"AP","village":"Mangalagiri (R)","land_use":"commercial","zone_code":"C1","area_sqm":868.02,"owner_name":"Veeraiah Tenali","ownership_type":"patta","story":null,"s2_label":"no_significant_change"}},{"type":"Feature","geometry":{"type":"Polygon","coordinates":[[[80.5563764,16.4417918],[80.5563444,16.441549],[80.5559823,16.4416071],[80.55601,16.4418232],[80.5563764,16.4417918]]]},"properties":{"ulpin":"TFCM915E495DE7","survey_no":"173/3","sub_division":"3","state":"AP","village":"Mangalagiri (R)","land_use":"residential","zone_code":"C1","area_sqm":1002.92,"owner_name":"Chandani Batta","ownership_type":"patta","story":null,"s2_label":"no_significant_change"}},{"type":"Feature","geometry":{"type":"Polygon","coordinates":[[[80.5566302,16.4413348],[80.5566064,16.4410665],[80.5565809,16.4410678],[80.5562698,16.4410861],[80.5563007,16.4413644],[80.5566302,16.4413348]]]},"properties":{"ulpin":"TFCM91580C61D0","survey_no":"175/1","sub_division":"1","state":"AP","village":"Mangalagiri (R)","land_use":"commercial","zone_code":"C1","area_sqm":1083.29,"owner_name":"Swarna Latha Gorantla","ownership_type":"patta","story":null,"s2_label":"no_significant_change"}},{"type":"Feature","geometry":{"type":"Polygon","coordinates":[[[80.5563007,16.4413644],[80.5562698,16.4410861],[80.5560028,16.4411017],[80.5559183,16.4411073],[80.5559552,16.4413954],[80.5563007,16.4413644]]]},"properties":{"ulpin":"TFCM915089DDDC","survey_no":"174/4","sub_division":"4","state":"AP","village":"Mangalagiri (R)","land_use":"commercial","zone_code":"C1","area_sqm":1177.18,"owner_name":"Azad Rajan","ownership_type":"patta","story":null,"s2_label":"no_significant_change"}},{"type":"Feature","geometry":{"type":"Polygon","coordinates":[[[80.5577373,16.4410152],[80.5571591,16.4410388],[80.5571417,16.4410397],[80.557236,16.4423625],[80.5579375,16.4422883],[80.5578001,16.4410132],[80.5577373,16.4410152]]]},"properties":{"ulpin":"TFCM91HF074BF6","survey_no":"174/2","sub_division":"2","state":"AP","village":"Mangalagiri (R)","land_use":"agricultural","zone_code":"AG","area_sqm":10502.2,"owner_name":"Veeraiah Ganta","ownership_type":"patta","story":null,"s2_label":"no_significant_change"}},{"type":"Feature","geometry":{"type":"Polygon","coordinates":[[[80.5585633,16.4412241],[80.5585399,16.4409927],[80.5583156,16.4409973],[80.5578001,16.4410132],[80.5579375,16.4422883],[80.5586492,16.4422131],[80.5586247,16.441899],[80.5585953,16.4415615],[80.5585633,16.4412241]]]},"properties":{"ulpin":"TFCM91H95A6D50","survey_no":"174/3","sub_division":"3","state":"AP","village":"Mangalagiri (R)","land_use":"agricultural","zone_code":"AG","area_sqm":10811.73,"owner_name":"Mangalagiri Municipality","ownership_type":"govt","story":null,"s2_label":"vegetation_to_builtup"}},{"type":"Feature","geometry":{"type":"Polygon","coordinates":[[[80.5586936,16.4429117],[80.5586741,16.4425741],[80.558651,16.4422365],[80.5586492,16.4422131],[80.5572512,16.4423609],[80.5573539,16.443221],[80.5587039,16.4431348],[80.5586936,16.4429117]]]},"properties":{"ulpin":"TFCM91K599B8B3","survey_no":"127/2","sub_division":"2","state":"AP","village":"Mangalagiri (R)","land_use":"agricultural","zone_code":"AG","area_sqm":14589.68,"owner_name":"Saraswathi Nandigam","ownership_type":"patta","story":null,"s2_label":"no_significant_change"}},{"type":"Feature","geometry":{"type":"Polygon","coordinates":[[[80.5579605,16.4439981],[80.5582603,16.4439932],[80.5585603,16.4439843],[80.5587299,16.4439772],[80.5587293,16.4439255],[80.5587212,16.4435874],[80.5587147,16.4434025],[80.5575049,16.4434422],[80.5575025,16.4433744],[80.5587123,16.4433348],[80.5587093,16.4432495],[80.5587039,16.4431348],[80.5573539,16.443221],[80.5574464,16.4439967],[80.5576606,16.443999],[80.5579605,16.4439981]]]},"properties":{"ulpin":"TFCM91KDED50FD","survey_no":"127/1","sub_division":"1","state":"AP","village":"Mangalagiri (R)","land_use":"agricultural","zone_code":"AG","area_sqm":11761.92,"owner_name":"Sambasiva Rao Mekala","ownership_type":"joint","story":"tax_arrears_area_mismatch","s2_label":"no_significant_change"}},{"type":"Feature","geometry":{"type":"Polygon","coordinates":[[[80.5564611,16.4439624],[80.556761,16.4439772],[80.5570609,16.4439884],[80.5573607,16.4439957],[80.5574464,16.4439967],[80.5572512,16.4423609],[80.5560939,16.4424833],[80.5560967,16.4425056],[80.5560967,16.442506],[80.5561548,16.4429834],[80.5561549,16.442984],[80.5562096,16.4434615],[80.5562097,16.4434623],[80.5562598,16.4439399],[80.5562599,16.4439409],[80.5562608,16.4439503],[80.5564611,16.4439624]]]},"properties":{"ulpin":"TFCM9171294927","survey_no":"170/1","sub_division":"1","state":"AP","village":"Mangalagiri (R)","land_use":"agricultural","zone_code":"AG","area_sqm":21563.84,"owner_name":"Onkar Choudhury","ownership_type":"patta","story":null,"s2_label":"no_significant_change"}},{"type":"Feature","geometry":{"type":"Polygon","coordinates":[[[80.5561085,16.444435],[80.5561044,16.4443911],[80.5547059,16.4444609],[80.5547147,16.4450845],[80.5561565,16.4450622],[80.5561467,16.4449115],[80.5561085,16.444435]]]},"properties":{"ulpin":"TFCM91DB080278","survey_no":"131/1","sub_division":"1","state":"AP","village":"Mangalagiri (R)","land_use":"agricultural","zone_code":"AG","area_sqm":10882.65,"owner_name":"Teerth Dugar","ownership_type":"patta","story":null,"s2_label":"no_significant_change"}},{"type":"Feature","geometry":{"type":"Polygon","coordinates":[[[80.5553692,16.4438817],[80.555355,16.4434657],[80.5550487,16.4434709],[80.5550497,16.4438992],[80.5553692,16.4438817]]]},"properties":{"ulpin":"TFCM91642443E1","survey_no":"137/1","sub_division":"1","state":"AP","village":"Mangalagiri (R)","land_use":"residential","zone_code":"R2","area_sqm":1560.59,"owner_name":"Aadhya Lall","ownership_type":"joint","story":null,"s2_label":"no_significant_change"}},{"type":"Feature","geometry":{"type":"Polygon","coordinates":[[[80.5550487,16.4434709],[80.5546919,16.4434769],[80.5546943,16.443646],[80.5550492,16.4436574],[80.5550487,16.4434709]]]},"properties":{"ulpin":"TFCM9167A82685","survey_no":"140/1","sub_division":"1","state":"AP","village":"Mangalagiri (R)","land_use":"residential","zone_code":"R2","area_sqm":746.98,"owner_name":"Kondaiah Pothula","ownership_type":"patta","story":null,"s2_label":"no_significant_change"}},{"type":"Feature","geometry":{"type":"Polygon","coordinates":[[[80.5550492,16.4436574],[80.5546943,16.443646],[80.5546982,16.4439184],[80.5550497,16.4438992],[80.5550492,16.4436574]]]},"properties":{"ulpin":"TFCM9165BAC238","survey_no":"136/2","sub_division":"2","state":"AP","village":"Mangalagiri (R)","land_use":"residential","zone_code":"R2","area_sqm":1072.44,"owner_name":"Nirmala Mekala","ownership_type":"patta","story":null,"s2_label":"no_significant_change"}},{"type":"Feature","geometry":{"type":"Polygon","coordinates":[[[80.5550309,16.4441774],[80.5547022,16.4441981],[80.5547059,16.4444609],[80.5550553,16.4444435],[80.5550309,16.4441774]]]},"properties":{"ulpin":"TFCM91DB72C0E6","survey_no":"132/3","sub_division":"3","state":"AP","village":"Mangalagiri (R)","land_use":"agricultural","zone_code":"AG","area_sqm":1062.14,"owner_name":"Koteswara Rao Nallamothu","ownership_type":"patta","story":null,"s2_label":"no_significant_change"}},{"type":"Feature","geometry":{"type":"Polygon","coordinates":[[[80.5550057,16.4439016],[80.5546982,16.4439184],[80.5547022,16.4441981],[80.5550309,16.4441774],[80.5550057,16.4439016]]]},"properties":{"ulpin":"TFCM91D2694874","survey_no":"134/1","sub_division":"1","state":"AP","village":"Mangalagiri (R)","land_use":"residential","zone_code":"R2","area_sqm":1046.64,"owner_name":"Gaurav Tripathi","ownership_type":"patta","story":null,"s2_label":"no_significant_change"}},{"type":"Feature","geometry":{"type":"Polygon","coordinates":[[[80.5553879,16.4444269],[80.5553692,16.4438817],[80.5550057,16.4439016],[80.5550553,16.4444435],[80.5553879,16.4444269]]]},"properties":{"ulpin":"TFCM91D140EF2E","survey_no":"134/2","sub_division":"2","state":"AP","village":"Mangalagiri (R)","land_use":"agricultural","zone_code":"AG","area_sqm":2241.35,"owner_name":"Aruna Kumari Dasari","ownership_type":"patta","story":null,"s2_label":"no_significant_change"}},{"type":"Feature","geometry":{"type":"Polygon","coordinates":[[[80.5558533,16.4440224],[80.5558529,16.4440224],[80.5555524,16.443999],[80.5555607,16.4438999],[80.555861,16.4439233],[80.5560618,16.4439373],[80.556014,16.4434819],[80.5560109,16.4434547],[80.555355,16.4434657],[80.5553879,16.4444269],[80.5561044,16.4443911],[80.5560714,16.4440377],[80.5558533,16.4440224]]]},"properties":{"ulpin":"TFCM91D3533DD2","survey_no":"124","sub_division":null,"state":"AP","village":"Mangalagiri (R)","land_use":"agricultural","zone_code":"AG","area_sqm":7121.75,"owner_name":"Nageswara Rao Tenali","ownership_type":"patta","story":"change_alert","s2_label":"vegetation_to_builtup"}},{"type":"Feature","geometry":{"type":"Polygon","coordinates":[[[80.5559875,16.4463686],[80.5559878,16.4463686],[80.5562173,16.4463646],[80.5562169,16.4463412],[80.5562013,16.4458645],[80.5561778,16.445388],[80.5561565,16.4450622],[80.5554941,16.4450724],[80.5555423,16.4463789],[80.5559875,16.4463686]]]},"properties":{"ulpin":"TFCM91F8482778","survey_no":"129/3","sub_division":"3","state":"AP","village":"Mangalagiri (R)","land_use":"vacant","zone_code":"AG","area_sqm":10377.84,"owner_name":"Pardhasaradhi Kolla","ownership_type":"joint","story":null,"s2_label":"no_significant_change"}},{"type":"Feature","geometry":{"type":"Polygon","coordinates":[[[80.5554084,16.446382],[80.5555423,16.4463789],[80.5555236,16.445872],[80.5547257,16.445857],[80.5547334,16.4464014],[80.5548288,16.4463983],[80.5548291,16.4463983],[80.5554081,16.446382],[80.5554084,16.446382]]]},"properties":{"ulpin":"TFCM91FC238D06","survey_no":"129/1","sub_division":"1","state":"AP","village":"Mangalagiri (R)","land_use":"agricultural","zone_code":"AG","area_sqm":4983.23,"owner_name":"Srinivasa Rao Ravuri","ownership_type":"patta","story":null,"s2_label":"no_significant_change"}},{"type":"Feature","geometry":{"type":"Polygon","coordinates":[[[80.5554941,16.4450724],[80.5547147,16.4450845],[80.5547257,16.445857],[80.5555236,16.445872],[80.5554941,16.4450724]]]},"properties":{"ulpin":"TFCM91F7A21F7D","survey_no":"130/2","sub_division":"2","state":"AP","village":"Mangalagiri (R)","land_use":"agricultural","zone_code":"AG","area_sqm":7320.12,"owner_name":"Chandra Sekhar Dasari","ownership_type":"patta","story":null,"s2_label":"no_significant_change"}},{"type":"Feature","geometry":{"type":"Polygon","coordinates":[[[80.5531532,16.4458682],[80.5531532,16.4458685],[80.5531382,16.4463467],[80.5531382,16.4463469],[80.5531341,16.44646],[80.5536704,16.4464385],[80.5536706,16.4464385],[80.5538115,16.4464333],[80.5538159,16.4456524],[80.5531595,16.4456307],[80.5531532,16.4458682]]]},"properties":{"ulpin":"TFCM91C03762E4","survey_no":"129/2A","sub_division":"2A","state":"AP","village":"Mangalagiri (R)","land_use":"agricultural","zone_code":"AG","area_sqm":6332.39,"owner_name":"Aruna Kumari Mannava","ownership_type":"patta","story":null,"s2_label":"no_significant_change"}},{"type":"Feature","geometry":{"type":"Polygon","coordinates":[[[80.5531659,16.4453898],[80.5531659,16.44539],[80.5531595,16.4456307],[80.5538159,16.4456524],[80.5538198,16.4449477],[80.5531748,16.4449767],[80.5531659,16.4453898]]]},"properties":{"ulpin":"TFCM91CBBEDCAB","survey_no":"129/4","sub_division":"4","state":"AP","village":"Mangalagiri (R)","land_use":"agricultural","zone_code":"AG","area_sqm":5216.92,"owner_name":"Kalyani Mannava","ownership_type":"patta","story":null,"s2_label":"no_significant_change"}},{"type":"Feature","geometry":{"type":"Polygon","coordinates":[[[80.5547334,16.4464014],[80.5547223,16.4456211],[80.5538158,16.4456592],[80.5538115,16.4464333],[80.5542496,16.4464172],[80.5542498,16.4464172],[80.5547334,16.4464014]]]},"properties":{"ulpin":"TFCM91C47BF523","survey_no":"129/2B","sub_division":"2B","state":"AP","village":"Mangalagiri (R)","land_use":"agricultural","zone_code":"AG","area_sqm":8387.58,"owner_name":"Naga Raju Nallamothu","ownership_type":"patta","story":null,"s2_label":"no_significant_change"}},{"type":"Feature","geometry":{"type":"Polygon","coordinates":[[[80.5547122,16.4449076],[80.5538198,16.4449477],[80.5538158,16.4456592],[80.5547223,16.4456211],[80.5547122,16.4449076]]]},"properties":{"ulpin":"TFCM91CF4AD0F7","survey_no":"130/1","sub_division":"1","state":"AP","village":"Mangalagiri (R)","land_use":"agricultural","zone_code":"AG","area_sqm":7569.84,"owner_name":"Annapurna Kolla","ownership_type":"joint","story":null,"s2_label":"no_significant_change"}},{"type":"Feature","geometry":{"type":"Polygon","coordinates":[[[80.5537902,16.444949],[80.5547122,16.4449076],[80.5547036,16.4443018],[80.553792,16.4443474],[80.5537902,16.444949]]]},"properties":{"ulpin":"TFCM9198542004","survey_no":"131/2A","sub_division":"2A","state":"AP","village":"Mangalagiri (R)","land_use":"agricultural","zone_code":"AG","area_sqm":6538.47,"owner_name":"Hanumantha Rao Mannava","ownership_type":"patta","story":null,"s2_label":"no_significant_change"}},{"type":"Feature","geometry":{"type":"Polygon","coordinates":[[[80.5541573,16.4440774],[80.5544489,16.4440849],[80.5544641,16.4438232],[80.5541587,16.4438176],[80.5541573,16.4440774]]]},"properties":{"ulpin":"TFCM91937C8027","survey_no":"133/2","sub_division":"2","state":"AP","village":"Mangalagiri (R)","land_use":"residential","zone_code":"R2","area_sqm":919.8,"owner_name":"Ramesh Babu Pamidi","ownership_type":"joint","story":null,"s2_label":"no_significant_change"}},{"type":"Feature","geometry":{"type":"Polygon","coordinates":[[[80.5541561,16.4443292],[80.5544356,16.4443152],[80.5544489,16.4440849],[80.5541573,16.4440774],[80.5541561,16.4443292]]]},"properties":{"ulpin":"TFCM919A5AF204","survey_no":"132/1","sub_division":"1","state":"AP","village":"Mangalagiri (R)","land_use":"residential","zone_code":"R2","area_sqm":812.59,"owner_name":"Rajendra Prasad Bollineni","ownership_type":"patta","story":null,"s2_label":"no_significant_change"}},{"type":"Feature","geometry":{"type":"Polygon","coordinates":[[[80.554451,16.4440495],[80.5547001,16.4440487],[80.5546969,16.4438274],[80.5544641,16.4438232],[80.554451,16.4440495]]]},"properties":{"ulpin":"TFCM91DD2C1784","survey_no":"133/3","sub_division":"3","state":"AP","village":"Mangalagiri (R)","land_use":"residential","zone_code":"R2","area_sqm":637.03,"owner_name":"Nirmala Bandaru","ownership_type":"joint","story":null,"s2_label":"no_significant_change"}},{"type":"Feature","geometry":{"type":"Polygon","coordinates":[[[80.5544356,16.4443152],[80.5547036,16.4443018],[80.5547001,16.4440487],[80.554451,16.4440495],[80.5544356,16.4443152]]]},"properties":{"ulpin":"TFCM91DA185BA8","survey_no":"132/2","sub_division":"2","state":"AP","village":"Mangalagiri (R)","land_use":"residential","zone_code":"R2","area_sqm":791.47,"owner_name":"Nikita Khatri","ownership_type":"patta","story":null,"s2_label":"no_significant_change"}},{"type":"Feature","geometry":{"type":"Polygon","coordinates":[[[80.5544012,16.4436283],[80.5546941,16.4436293],[80.5546919,16.4434769],[80.5543937,16.4434819],[80.5544012,16.4436283]]]},"properties":{"ulpin":"TFCM91616EE91D","survey_no":"138/3","sub_division":"3","state":"AP","village":"Mangalagiri (R)","land_use":"residential","zone_code":"R2","area_sqm":521.51,"owner_name":"Jai Brar","ownership_type":"joint","story":null,"s2_label":"no_significant_change"}},{"type":"Feature","geometry":{"type":"Polygon","coordinates":[[[80.5544112,16.4438222],[80.5546969,16.4438274],[80.5546941,16.4436293],[80.5544012,16.4436283],[80.5544112,16.4438222]]]},"properties":{"ulpin":"TFCM916292B76A","survey_no":"136/1","sub_division":"1","state":"AP","village":"Mangalagiri (R)","land_use":"residential","zone_code":"R2","area_sqm":669.32,"owner_name":"Manjula Chalasani","ownership_type":"patta","story":null,"s2_label":"no_significant_change"}},{"type":"Feature","geometry":{"type":"Polygon","coordinates":[[[80.5541603,16.4434859],[80.5541587,16.4438176],[80.5544112,16.4438222],[80.5543937,16.4434819],[80.5541603,16.4434859]]]},"properties":{"ulpin":"TFCM913A0326D1","survey_no":"135/2","sub_division":"2","state":"AP","village":"Mangalagiri (R)","land_use":"residential","zone_code":"R2","area_sqm":964.07,"owner_name":"Saraswathi Paruchuri","ownership_type":"patta","story":null,"s2_label":"no_significant_change"}},{"type":"Feature","geometry":{"type":"Polygon","coordinates":[[[80.5537945,16.443492],[80.5537939,16.4436928],[80.5541592,16.4437117],[80.5541603,16.4434859],[80.5537945,16.443492]]]},"properties":{"ulpin":"TFCM913953BE7E","survey_no":"137/3","sub_division":"3","state":"AP","village":"Mangalagiri (R)","land_use":"residential","zone_code":"R2","area_sqm":920.87,"owner_name":"Jyothi Kandula","ownership_type":"patta","story":null,"s2_label":"no_significant_change"}},{"type":"Feature","geometry":{"type":"Polygon","coordinates":[[[80.5537934,16.4438714],[80.5541584,16.4438673],[80.5541592,16.4437117],[80.5537939,16.4436928],[80.5537934,16.4438714]]]},"properties":{"ulpin":"TFCM913F08C378","survey_no":"135/1","sub_division":"1","state":"AP","village":"Mangalagiri (R)","land_use":"residential","zone_code":"R2","area_sqm":720.62,"owner_name":"Ramesh Babu Vemuri","ownership_type":"patta","story":null,"s2_label":"no_significant_change"}},{"type":"Feature","geometry":{"type":"Polygon","coordinates":[[[80.5541584,16.4438673],[80.5537934,16.4438714],[80.553792,16.4443474],[80.5541561,16.4443292],[80.5541584,16.4438673]]]},"properties":{"ulpin":"TFCM9198D2D560","survey_no":"133/1","sub_division":"1","state":"AP","village":"Mangalagiri (R)","land_use":"agricultural","zone_code":"AG","area_sqm":2018.59,"owner_name":"Kondaiah Gorantla","ownership_type":"patta","story":null,"s2_label":"no_significant_change"}},{"type":"Feature","geometry":{"type":"Polygon","coordinates":[[[80.5531934,16.4435021],[80.55319,16.4439542],[80.55319,16.4439544],[80.5531842,16.4444327],[80.5531842,16.444433],[80.5531762,16.4449113],[80.5531762,16.4449115],[80.5531748,16.4449767],[80.5537902,16.444949],[80.5537945,16.443492],[80.5531934,16.4435021]]]},"properties":{"ulpin":"TFCM91968E2BBE","survey_no":"131/2B","sub_division":"2B","state":"AP","village":"Mangalagiri (R)","land_use":"agricultural","zone_code":"AG","area_sqm":10497.47,"owner_name":"Peda Babu Gudivada","ownership_type":"joint","story":null,"s2_label":"no_significant_change"}},{"type":"Feature","geometry":{"type":"Polygon","coordinates":[[[80.5537687,16.4426178],[80.5534552,16.4426084],[80.5534499,16.442835],[80.5537608,16.4428474],[80.5537687,16.4426178]]]},"properties":{"ulpin":"TFCM9133CB0D5F","survey_no":"145/2","sub_division":"2","state":"AP","village":"Mangalagiri (R)","land_use":"residential","zone_code":"R2","area_sqm":841.72,"owner_name":"Venkateswarlu Pamidi","ownership_type":"patta","story":null,"s2_label":"no_significant_change"}},{"type":"Feature","geometry":{"type":"Polygon","coordinates":[[[80.5537772,16.4423712],[80.5534607,16.4423744],[80.5534552,16.4426084],[80.5537687,16.4426178],[80.5537772,16.4423712]]]},"properties":{"ulpin":"TFCM9131B08733","survey_no":"147/3","sub_division":"3","state":"AP","village":"Mangalagiri (R)","land_use":"residential","zone_code":"R2","area_sqm":894.26,"owner_name":"Annapurna Ravuri","ownership_type":"patta","story":null,"s2_label":"no_significant_change"}},{"type":"Feature","geometry":{"type":"Polygon","coordinates":[[[80.5534499,16.442835],[80.5534607,16.4423744],[80.5531947,16.4423771],[80.5531952,16.4425183],[80.5531952,16.4425184],[80.5531952,16.4428248],[80.5534499,16.442835]]]},"properties":{"ulpin":"TFCM9139DE3308","survey_no":"145/1","sub_division":"1","state":"AP","village":"Mangalagiri (R)","land_use":"agricultural","zone_code":"AG","area_sqm":1395.8,"owner_name":"Kevin Wable","ownership_type":"patta","story":null,"s2_label":"no_significant_change"}},{"type":"Feature","geometry":{"type":"Polygon","coordinates":[[[80.5537515,16.4431183],[80.5537608,16.4428474],[80.5535262,16.442838],[80.5535222,16.443116],[80.5537515,16.4431183]]]},"properties":{"ulpin":"TFCM9130D2BCCE","survey_no":"142/1","sub_division":"1","state":"AP","village":"Mangalagiri (R)","land_use":"residential","zone_code":"R2","area_sqm":752.37,"owner_name":"Yugandhar Kakumanu","ownership_type":"patta","story":null,"s2_label":"no_significant_change"}},{"type":"Feature","geometry":{"type":"Polygon","coordinates":[[[80.5531949,16.4431127],[80.5535222,16.443116],[80.5535262,16.442838],[80.5531952,16.4428248],[80.5531953,16.4429969],[80.5531953,16.4429971],[80.5531949,16.4431127]]]},"properties":{"ulpin":"TFCM913F8BC1E6","survey_no":"141/4","sub_division":"4","state":"AP","village":"Mangalagiri (R)","land_use":"agricultural","zone_code":"AG","area_sqm":1099.59,"owner_name":"Suresh Kumar Pothula","ownership_type":"patta","story":null,"s2_label":"no_significant_change"}},{"type":"Feature","geometry":{"type":"Polygon","coordinates":[[[80.5537386,16.443493],[80.5537515,16.4431183],[80.5535146,16.4431159],[80.5535097,16.4434968],[80.5537386,16.443493]]]},"properties":{"ulpin":"TFCM9135C9F553","survey_no":"140/3","sub_division":"3","state":"AP","village":"Mangalagiri (R)","land_use":"residential","zone_code":"R2","area_sqm":1039.03,"owner_name":"Peda Babu Mannava","ownership_type":"joint","story":null,"s2_label":"no_significant_change"}},{"type":"Feature","geometry":{"type":"Polygon","coordinates":[[[80.5531936,16.4434757],[80.5531934,16.4435021],[80.5535097,16.4434968],[80.5535146,16.4431159],[80.5531949,16.4431127],[80.5531936,16.4434755],[80.5531936,16.4434757]]]},"properties":{"ulpin":"TFCM913D8FF138","survey_no":"140/2","sub_division":"2","state":"AP","village":"Mangalagiri (R)","land_use":"agricultural","zone_code":"AG","area_sqm":1446.13,"owner_name":"Gopala Krishna Kolla","ownership_type":"patta","story":null,"s2_label":"no_significant_change"}},{"type":"Feature","geometry":{"type":"Polygon","coordinates":[[[80.5540765,16.4431593],[80.5537502,16.4431558],[80.5537446,16.4433202],[80.5540746,16.4433347],[80.5540765,16.4431593]]]},"properties":{"ulpin":"TFCM9133BD0FDC","survey_no":"140/4","sub_division":"4","state":"AP","village":"Mangalagiri (R)","land_use":"residential","zone_code":"R2","area_sqm":658.96,"owner_name":"Aruna Kumari Nallamothu","ownership_type":"patta","story":null,"s2_label":"no_significant_change"}},{"type":"Feature","geometry":{"type":"Polygon","coordinates":[[[80.5540729,16.4434873],[80.5540746,16.4433347],[80.5537446,16.4433202],[80.5537386,16.443493],[80.5540729,16.4434873]]]},"properties":{"ulpin":"TFCM91357169F7","survey_no":"137/2","sub_division":"2","state":"AP","village":"Mangalagiri (R)","land_use":"residential","zone_code":"R2","area_sqm":638.4,"owner_name":"Nachiket Rastogi","ownership_type":"patta","story":null,"s2_label":"no_significant_change"}},{"type":"Feature","geometry":{"type":"Polygon","coordinates":[[[80.5537502,16.4431558],[80.5540765,16.4431593],[80.5540793,16.4429086],[80.5537586,16.4429124],[80.5537502,16.4431558]]]},"properties":{"ulpin":"TFCM9131071589","survey_no":"142/2A","sub_division":"2A","state":"AP","village":"Mangalagiri (R)","land_use":"vacant","zone_code":"R2","area_sqm":943.89,"owner_name":"Kondaiah Tenali","ownership_type":"patta","story":null,"s2_label":"no_significant_change"}},{"type":"Feature","geometry":{"type":"Polygon","coordinates":[[[80.5545238,16.4434797],[80.554519,16.4432259],[80.5543283,16.4432329],[80.5543212,16.4434831],[80.5545238,16.4434797]]]},"properties":{"ulpin":"TFCM913CCADA9F","survey_no":"138/2","sub_division":"2","state":"AP","village":"Mangalagiri (R)","land_use":"residential","zone_code":"R2","area_sqm":585.14,"owner_name":"Theodore Varughese","ownership_type":"patta","story":null,"s2_label":"no_significant_change"}},{"type":"Feature","geometry":{"type":"Polygon","coordinates":[[[80.5543212,16.4434831],[80.5543283,16.4432329],[80.5540756,16.4432422],[80.5540729,16.4434873],[80.5543212,16.4434831]]]},"properties":{"ulpin":"TFCM9135D705D3","survey_no":"138/1","sub_division":"1","state":"AP","village":"Mangalagiri (R)","land_use":"agricultural","zone_code":"R2","area_sqm":732.27,"owner_name":"Sujatha Gorantla","ownership_type":"patta","story":null,"s2_label":"no_significant_change"}},{"type":"Feature","geometry":{"type":"Polygon","coordinates":[[[80.554519,16.4432259],[80.554513,16.4429036],[80.5543023,16.442906],[80.5542925,16.4432342],[80.554519,16.4432259]]]},"properties":{"ulpin":"TFCM91367AFF2F","survey_no":"143","sub_division":null,"state":"AP","village":"Mangalagiri (R)","land_use":"residential","zone_code":"R2","area_sqm":839.66,"owner_name":"Darpan Kota","ownership_type":"patta","story":null,"s2_label":"no_significant_change"}},{"type":"Feature","geometry":{"type":"Polygon","coordinates":[[[80.5542925,16.4432342],[80.5543023,16.442906],[80.5540793,16.4429086],[80.5540756,16.4432422],[80.5542925,16.4432342]]]},"properties":{"ulpin":"TFCM91393C8A85","survey_no":"142/2B","sub_division":"2B","state":"AP","village":"Mangalagiri (R)","land_use":"vacant","zone_code":"R2","area_sqm":858.83,"owner_name":"Satyanarayana Dasari","ownership_type":"joint","story":null,"s2_label":"no_significant_change"}},{"type":"Feature","geometry":{"type":"Polygon","coordinates":[[[80.5537586,16.4429124],[80.5540761,16.4429087],[80.5540644,16.4425839],[80.5537694,16.4425964],[80.5537586,16.4429124]]]},"properties":{"ulpin":"TFCM9134DACFB3","survey_no":"145/3","sub_division":"3","state":"AP","village":"Mangalagiri (R)","land_use":"agricultural","zone_code":"R2","area_sqm":1158.85,"owner_name":"Ravindra Nallamothu","ownership_type":"joint","story":null,"s2_label":"no_significant_change"}},{"type":"Feature","geometry":{"type":"Polygon","coordinates":[[[80.5537694,16.4425964],[80.5540644,16.4425839],[80.5540567,16.4423683],[80.5537772,16.4423712],[80.5537694,16.4425964]]]},"properties":{"ulpin":"TFCM913D4A3B5F","survey_no":"147/4","sub_division":"4","state":"AP","village":"Mangalagiri (R)","land_use":"residential","zone_code":"R2","area_sqm":747.53,"owner_name":"Azad Nigam","ownership_type":"joint","story":null,"s2_label":"no_significant_change"}},{"type":"Feature","geometry":{"type":"Polygon","coordinates":[[[80.554513,16.4429036],[80.5545075,16.4426131],[80.5543248,16.4426205],[80.5543266,16.4429057],[80.554513,16.4429036]]]},"properties":{"ulpin":"TFCM913F895DA6","survey_no":"145/5","sub_division":"5","state":"AP","village":"Mangalagiri (R)","land_use":"residential","zone_code":"R2","area_sqm":627.5,"owner_name":"Balendra Bhargava","ownership_type":"joint","story":null,"s2_label":"no_significant_change"}},{"type":"Feature","geometry":{"type":"Polygon","coordinates":[[[80.5543266,16.4429057],[80.5543248,16.4426205],[80.5540661,16.4426309],[80.5540761,16.4429087],[80.5543266,16.4429057]]]},"properties":{"ulpin":"TFCM913CFE8E12","survey_no":"145/4","sub_division":"4","state":"AP","village":"Mangalagiri (R)","land_use":"residential","zone_code":"R2","area_sqm":846.87,"owner_name":"Peda Babu Nandigam","ownership_type":"patta","story":null,"s2_label":"no_significant_change"}},{"type":"Feature","geometry":{"type":"Polygon","coordinates":[[[80.5542932,16.4426218],[80.5542879,16.442366],[80.5540567,16.4423683],[80.5540661,16.4426309],[80.5542932,16.4426218]]]},"properties":{"ulpin":"TFCM91312AA4D2","survey_no":"147/5","sub_division":"5","state":"AP","village":"Mangalagiri (R)","land_use":"residential","zone_code":"R2","area_sqm":702.07,"owner_name":"Bahadurjit Balay","ownership_type":"patta","story":null,"s2_label":"no_significant_change"}},{"type":"Feature","geometry":{"type":"Polygon","coordinates":[[[80.5545075,16.4426131],[80.5545028,16.4423638],[80.5542879,16.442366],[80.5542932,16.4426218],[80.5545075,16.4426131]]]},"properties":{"ulpin":"TFCM9134FF6884","survey_no":"148/1","sub_division":"1","state":"AP","village":"Mangalagiri (R)","land_use":"residential","zone_code":"R2","area_sqm":640.38,"owner_name":"Ravindra Pamidi","ownership_type":"patta","story":null,"s2_label":"no_significant_change"}},{"type":"Feature","geometry":{"type":"Polygon","coordinates":[[[80.5536895,16.4412715],[80.5531891,16.4413119],[80.5531909,16.441561],[80.5531909,16.4415611],[80.5531936,16.4420396],[80.5531936,16.4420397],[80.5531947,16.4423771],[80.5545028,16.4423638],[80.5544812,16.4412092],[80.5542679,16.4412255],[80.5536895,16.4412715]]]},"properties":{"ulpin":"TFCM911611781E","survey_no":"151/1","sub_division":"1","state":"AP","village":"Mangalagiri (R)","land_use":"agricultural","zone_code":"AG","area_sqm":17051.94,"owner_name":"Anjaneyulu Paruchuri","ownership_type":"joint","story":null,"s2_label":"no_significant_change"}},{"type":"Feature","geometry":{"type":"Polygon","coordinates":[[[80.5551307,16.4413979],[80.5548651,16.441379],[80.5548567,16.4416726],[80.5551337,16.4416796],[80.5551307,16.4413979]]]},"properties":{"ulpin":"TFCM9140946B89","survey_no":"155/2","sub_division":"2","state":"AP","village":"Mangalagiri (R)","land_use":"commercial","zone_code":"C1","area_sqm":921.95,"owner_name":"Koteswara Rao Nallamothu","ownership_type":"patta","story":null,"s2_label":"no_significant_change"}},{"type":"Feature","geometry":{"type":"Polygon","coordinates":[[[80.5551281,16.4411611],[80.5548708,16.4411796],[80.5548651,16.441379],[80.5551307,16.4413979],[80.5551281,16.4411611]]]},"properties":{"ulpin":"TFCM914937FF63","survey_no":"157/1","sub_division":"1","state":"AP","village":"Mangalagiri (R)","land_use":"commercial","zone_code":"C1","area_sqm":673.39,"owner_name":"Subba Rao Kolla","ownership_type":"patta","story":null,"s2_label":"no_significant_change"}},{"type":"Feature","geometry":{"type":"Polygon","coordinates":[[[80.5548567,16.4416726],[80.554863,16.4414546],[80.5544858,16.441454],[80.5544897,16.4416633],[80.5548567,16.4416726]]]},"properties":{"ulpin":"TFCM914672701B","survey_no":"155/1","sub_division":"1","state":"AP","village":"Mangalagiri (R)","land_use":"commercial","zone_code":"C1","area_sqm":938.75,"owner_name":"Saraswathi Chebrolu","ownership_type":"patta","story":null,"s2_label":"no_significant_change"}},{"type":"Feature","geometry":{"type":"Polygon","coordinates":[[[80.5548708,16.4411796],[80.5548463,16.4411813],[80.5544812,16.4412092],[80.5544858,16.441454],[80.554863,16.4414546],[80.5548708,16.4411796]]]},"properties":{"ulpin":"TFCM914325497D","survey_no":"156/2","sub_division":"2","state":"AP","village":"Mangalagiri (R)","land_use":"commercial","zone_code":"C1","area_sqm":1176.63,"owner_name":"Dominic Solanki","ownership_type":"patta","story":null,"s2_label":"no_significant_change"}},{"type":"Feature","geometry":{"type":"Polygon","coordinates":[[[80.5544936,16.4418718],[80.5548667,16.441867],[80.5548546,16.4416725],[80.5544897,16.4416633],[80.5544936,16.4418718]]]},"properties":{"ulpin":"TFCM914EE4FF13","survey_no":"151/2","sub_division":"2","state":"AP","village":"Mangalagiri (R)","land_use":"residential","zone_code":"AG","area_sqm":877.85,"owner_name":"Warjas Ray","ownership_type":"joint","story":null,"s2_label":"no_significant_change"}},{"type":"Feature","geometry":{"type":"Polygon","coordinates":[[[80.5544971,16.4420569],[80.5548782,16.442053],[80.5548667,16.441867],[80.5544936,16.4418718],[80.5544971,16.4420569]]]},"properties":{"ulpin":"TFCM914EC12A40","survey_no":"152/1","sub_division":"1","state":"AP","village":"Mangalagiri (R)","land_use":"residential","zone_code":"R2","area_sqm":826.75,"owner_name":"Champak Chatterjee","ownership_type":"patta","story":null,"s2_label":"no_significant_change"}},{"type":"Feature","geometry":{"type":"Polygon","coordinates":[[[80.5548546,16.4416725],[80.5548782,16.442053],[80.5551377,16.4420504],[80.5551337,16.4416796],[80.5548546,16.4416725]]]},"properties":{"ulpin":"TFCM914D061B3F","survey_no":"152/2","sub_division":"2","state":"AP","village":"Mangalagiri (R)","land_use":"agricultural","zone_code":"AG","area_sqm":1194.33,"owner_name":"Hanumantha Rao Nandigam","ownership_type":"joint","story":null,"s2_label":"no_significant_change"}},{"type":"Feature","geometry":{"type":"Polygon","coordinates":[[[80.5551377,16.4420504],[80.5548479,16.4420533],[80.554859,16.442397],[80.5551413,16.4423827],[80.5551377,16.4420504]]]},"properties":{"ulpin":"TFCM914A2B9D63","survey_no":"150/2A","sub_division":"2A","state":"AP","village":"Mangalagiri (R)","land_use":"agricultural","zone_code":"R2","area_sqm":1142.51,"owner_name":"Sambasiva Rao Tenali","ownership_type":"patta","story":null,"s2_label":"no_significant_change"}},{"type":"Feature","geometry":{"type":"Polygon","coordinates":[[[80.5545002,16.4422249],[80.5548536,16.4422297],[80.5548479,16.4420533],[80.5544971,16.4420569],[80.5545002,16.4422249]]]},"properties":{"ulpin":"TFCM91485D6D00","survey_no":"150/1","sub_division":"1","state":"AP","village":"Mangalagiri (R)","land_use":"residential","zone_code":"R2","area_sqm":715.97,"owner_name":"Ravindra Ganta","ownership_type":"patta","story":null,"s2_label":"no_significant_change"}},{"type":"Feature","geometry":{"type":"Polygon","coordinates":[[[80.5545038,16.442415],[80.554859,16.442397],[80.5548536,16.4422297],[80.5545002,16.4422249],[80.5545038,16.442415]]]},"properties":{"ulpin":"TFCM914186309A","survey_no":"148/2","sub_division":"2","state":"AP","village":"Mangalagiri (R)","land_use":"residential","zone_code":"R2","area_sqm":748.07,"owner_name":"Chatura Kothari","ownership_type":"patta","story":null,"s2_label":"no_significant_change"}},{"type":"Feature","geometry":{"type":"Polygon","coordinates":[[[80.555138,16.4420745],[80.5551413,16.4423827],[80.5553453,16.4423724],[80.5553166,16.4420648],[80.555138,16.4420745]]]},"properties":{"ulpin":"TFCM914ACFD9EF","survey_no":"150/2B","sub_division":"2B","state":"AP","village":"Mangalagiri (R)","land_use":"residential","zone_code":"R2","area_sqm":697.59,"owner_name":"Kamala Gudivada","ownership_type":"patta","story":null,"s2_label":"no_significant_change"}},{"type":"Feature","geometry":{"type":"Polygon","coordinates":[[[80.5553166,16.4420648],[80.5553453,16.4423724],[80.5554974,16.4423646],[80.5554691,16.4420565],[80.5553166,16.4420648]]]},"properties":{"ulpin":"TFCM914E017268","survey_no":"150/3","sub_division":"3","state":"AP","village":"Mangalagiri (R)","land_use":"agricultural","zone_code":"AG","area_sqm":556.05,"owner_name":"Ekaraj Sami","ownership_type":"patta","story":null,"s2_label":"no_significant_change"}},{"type":"Feature","geometry":{"type":"Polygon","coordinates":[[[80.555138,16.4420745],[80.5554691,16.4420565],[80.5554496,16.4418442],[80.5551357,16.441867],[80.555138,16.4420745]]]},"properties":{"ulpin":"TFCM914108AD13","survey_no":"154/1","sub_division":"1","state":"AP","village":"Mangalagiri (R)","land_use":"agricultural","zone_code":"AG","area_sqm":802.23,"owner_name":"Padmavathi Mannava","ownership_type":"patta","story":null,"s2_label":"no_significant_change"}},{"type":"Feature","geometry":{"type":"Polygon","coordinates":[[[80.5551342,16.4417231],[80.5551357,16.441867],[80.5554496,16.4418442],[80.555437,16.4417064],[80.5551342,16.4417231]]]},"properties":{"ulpin":"TFCM914E403D5A","survey_no":"153","sub_division":null,"state":"AP","village":"Mangalagiri (R)","land_use":"agricultural","zone_code":"AG","area_sqm":514.42,"owner_name":"Sarojini Tenali","ownership_type":"joint","story":null,"s2_label":"no_significant_change"}},{"type":"Feature","geometry":{"type":"Polygon","coordinates":[[[80.555437,16.4417064],[80.5554668,16.4420313],[80.5556495,16.4420128],[80.5556241,16.441696],[80.555437,16.4417064]]]},"properties":{"ulpin":"TFCM9145942745","survey_no":"154/2A","sub_division":"2A","state":"AP","village":"Mangalagiri (R)","land_use":"commercial","zone_code":"C1","area_sqm":705.63,"owner_name":"Hanumantha Rao Yarlagadda","ownership_type":"patta","story":null,"s2_label":"no_significant_change"}},{"type":"Feature","geometry":{"type":"Polygon","coordinates":[[[80.5556241,16.441696],[80.5556495,16.4420128],[80.5558338,16.4419942],[80.5557943,16.4416865],[80.5556241,16.441696]]]},"properties":{"ulpin":"TFCM914A5111CB","survey_no":"154/2B","sub_division":"2B","state":"AP","village":"Mangalagiri (R)","land_use":"commercial","zone_code":"C1","area_sqm":658.78,"owner_name":"Chandra Sekhar Kandula","ownership_type":"patta","story":null,"s2_label":"no_significant_change"}},{"type":"Feature","geometry":{"type":"Polygon","coordinates":[[[80.5558338,16.4419942],[80.5556603,16.4420117],[80.5557124,16.4423537],[80.5558783,16.4423453],[80.5558411,16.4420513],[80.5558338,16.4419942]]]},"properties":{"ulpin":"TFCM914291996F","survey_no":"128","sub_division":null,"state":"AP","village":"Mangalagiri (R)","land_use":"residential","zone_code":"C1","area_sqm":702.08,"owner_name":"Venkata Rao Kandula","ownership_type":"patta","story":"pending_mutation","s2_label":"no_significant_change"}},{"type":"Feature","geometry":{"type":"Polygon","coordinates":[[[80.5554668,16.4420313],[80.5554974,16.4423646],[80.5557124,16.4423537],[80.5556603,16.4420117],[80.5554668,16.4420313]]]},"properties":{"ulpin":"TFCM914B1868CA","survey_no":"125/1","sub_division":"1","state":"AP","village":"Mangalagiri (R)","land_use":"commercial","zone_code":"C1","area_sqm":822.16,"owner_name":"Yugandhar Paruchuri","ownership_type":"patta","story":null,"s2_label":"no_significant_change"}},{"type":"Feature","geometry":{"type":"Polygon","coordinates":[[[80.5551342,16.4417231],[80.5554576,16.4417052],[80.5554341,16.4414718],[80.5551318,16.4414996],[80.5551342,16.4417231]]]},"properties":{"ulpin":"TFCM914F385BCC","survey_no":"155/3","sub_division":"3","state":"AP","village":"Mangalagiri (R)","land_use":"agricultural","zone_code":"AG","area_sqm":847.62,"owner_name":"Samar Sunder","ownership_type":"patta","story":null,"s2_label":"no_significant_change"}},{"type":"Feature","geometry":{"type":"Polygon","coordinates":[[[80.5551318,16.4414996],[80.5554341,16.4414718],[80.5554008,16.4411415],[80.5551281,16.4411611],[80.5551318,16.4414996]]]},"properties":{"ulpin":"TFCM91484256AF","survey_no":"157/2","sub_division":"2","state":"AP","village":"Mangalagiri (R)","land_use":"commercial","zone_code":"C1","area_sqm":1140.43,"owner_name":"Jalsa Rattan","ownership_type":"patta","story":null,"s2_label":"no_significant_change"}},{"type":"Feature","geometry":{"type":"Polygon","coordinates":[[[80.555421,16.4413418],[80.5557459,16.4413086],[80.5557218,16.4411202],[80.5554245,16.4411398],[80.5554008,16.4411415],[80.555421,16.4413418]]]},"properties":{"ulpin":"TFCM91449B150E","survey_no":"157/3","sub_division":"3","state":"AP","village":"Mangalagiri (R)","land_use":"commercial","zone_code":"C1","area_sqm":748.53,"owner_name":"Bhavani Yarlagadda","ownership_type":"patta","story":null,"s2_label":"no_significant_change"}},{"type":"Feature","geometry":{"type":"Polygon","coordinates":[[[80.5554331,16.441462],[80.5557634,16.4414459],[80.5557459,16.4413086],[80.555421,16.4413418],[80.5554331,16.441462]]]},"properties":{"ulpin":"TFCM9145A1E5F8","survey_no":"158","sub_division":null,"state":"AP","village":"Mangalagiri (R)","land_use":"commercial","zone_code":"C1","area_sqm":502.57,"owner_name":"Siva Kumar Uppalapati","ownership_type":"patta","story":null,"s2_label":"no_significant_change"}},{"type":"Feature","geometry":{"type":"Polygon","coordinates":[[[80.5554576,16.4417052],[80.5557943,16.4416865],[80.5557798,16.4415741],[80.5557634,16.4414459],[80.5554331,16.441462],[80.5554576,16.4417052]]]},"properties":{"ulpin":"TFCM9145582633","survey_no":"156/1","sub_division":"1","state":"AP","village":"Mangalagiri (R)","land_use":"commercial","zone_code":"C1","area_sqm":958.46,"owner_name":"Robert Lanka","ownership_type":"patta","story":null,"s2_label":"no_significant_change"}},{"type":"Feature","geometry":{"type":"Polygon","coordinates":[[[80.5549969,16.4426646],[80.5549996,16.4429769],[80.5551635,16.4429812],[80.5551846,16.4426784],[80.5549969,16.4426646]]]},"properties":{"ulpin":"TFCM916B522F14","survey_no":"144/3","sub_division":"3","state":"AP","village":"Mangalagiri (R)","land_use":"residential","zone_code":"R2","area_sqm":639.54,"owner_name":"Mallikarjuna Mannava","ownership_type":"patta","story":null,"s2_label":"no_significant_change"}},{"type":"Feature","geometry":{"type":"Polygon","coordinates":[[[80.5551846,16.4426784],[80.5551635,16.4429812],[80.5553522,16.4429862],[80.5553595,16.4426912],[80.5551846,16.4426784]]]},"properties":{"ulpin":"TFCM9169D9B23A","survey_no":"144/4","sub_division":"4","state":"AP","village":"Mangalagiri (R)","land_use":"residential","zone_code":"R2","area_sqm":643.42,"owner_name":"Saraswathi Mekala","ownership_type":"patta","story":null,"s2_label":"no_significant_change"}},{"type":"Feature","geometry":{"type":"Polygon","coordinates":[[[80.5551875,16.4423804],[80.5551934,16.442679],[80.5553595,16.4426912],[80.5553675,16.4423712],[80.5551875,16.4423804]]]},"properties":{"ulpin":"TFCM916696EB39","survey_no":"149/2","sub_division":"2","state":"AP","village":"Mangalagiri (R)","land_use":"residential","zone_code":"R2","area_sqm":632.12,"owner_name":"Bhavani Gorantla","ownership_type":"patta","story":null,"s2_label":"no_significant_change"}},{"type":"Feature","geometry":{"type":"Polygon","coordinates":[[[80.5549945,16.4423902],[80.5549969,16.4426646],[80.5551934,16.442679],[80.5551875,16.4423804],[80.5549945,16.4423902]]]},"properties":{"ulpin":"TFCM9166D57689","survey_no":"149/1","sub_division":"1","state":"AP","village":"Mangalagiri (R)","land_use":"residential","zone_code":"R2","area_sqm":658.92,"owner_name":"Siva Kumar Kakumanu","ownership_type":"patta","story":null,"s2_label":"no_significant_change"}},{"type":"Feature","geometry":{"type":"Polygon","coordinates":[[[80.5547981,16.4427164],[80.5547992,16.4429716],[80.5549996,16.4429769],[80.5549973,16.442714],[80.5547981,16.4427164]]]},"properties":{"ulpin":"TFCM916673D41D","survey_no":"144/2","sub_division":"2","state":"AP","village":"Mangalagiri (R)","land_use":"residential","zone_code":"R2","area_sqm":611.21,"owner_name":"Naga Raju Kakumanu","ownership_type":"patta","story":null,"s2_label":"no_significant_change"}},{"type":"Feature","geometry":{"type":"Polygon","coordinates":[[[80.5545095,16.44272],[80.5545141,16.4429641],[80.5547992,16.4429716],[80.5547981,16.4427164],[80.5545095,16.44272]]]},"properties":{"ulpin":"TFCM916F489FEA","survey_no":"144/1","sub_division":"1","state":"AP","village":"Mangalagiri (R)","land_use":"residential","zone_code":"R2","area_sqm":845.66,"owner_name":"Hanumantha Rao Ravuri","ownership_type":"patta","story":null,"s2_label":"no_significant_change"}},{"type":"Feature","geometry":{"type":"Polygon","coordinates":[[[80.5545038,16.442415],[80.5545095,16.44272],[80.5547677,16.4427168],[80.554756,16.4424022],[80.5545038,16.442415]]]},"properties":{"ulpin":"TFCM9161BCBD63","survey_no":"146","sub_division":null,"state":"AP","village":"Mangalagiri (R)","land_use":"residential","zone_code":"R2","area_sqm":934.48,"owner_name":"Nirja Bhandari","ownership_type":"patta","story":null,"s2_label":"no_significant_change"}},{"type":"Feature","geometry":{"type":"Polygon","coordinates":[[[80.554756,16.4424022],[80.5547677,16.4427168],[80.5549973,16.442714],[80.5549945,16.4423902],[80.554756,16.4424022]]]},"properties":{"ulpin":"TFCM916FED044F","survey_no":"147/1","sub_division":"1","state":"AP","village":"Mangalagiri (R)","land_use":"residential","zone_code":"R2","area_sqm":882.86,"owner_name":"Gopala Krishna Uppalapati","ownership_type":"joint","story":null,"s2_label":"no_significant_change"}},{"type":"Feature","geometry":{"type":"Polygon","coordinates":[[[80.5549566,16.4432614],[80.55452,16.4432782],[80.5545238,16.4434797],[80.5549526,16.4434725],[80.5549566,16.4432614]]]},"properties":{"ulpin":"TFCM916DB37F56","survey_no":"139","sub_division":null,"state":"AP","village":"Mangalagiri (R)","land_use":"residential","zone_code":"R2","area_sqm":1054.37,"owner_name":"Srinivasa Rao Mannava","ownership_type":"joint","story":null,"s2_label":"no_significant_change"}},{"type":"Feature","geometry":{"type":"Polygon","coordinates":[[[80.5545141,16.4429641],[80.55452,16.4432782],[80.5547161,16.4432706],[80.5546976,16.4429689],[80.5545141,16.4429641]]]},"properties":{"ulpin":"TFCM916A016511","survey_no":"141/1","sub_division":"1","state":"AP","village":"Mangalagiri (R)","land_use":"residential","zone_code":"R2","area_sqm":690.35,"owner_name":"Anjaneyulu Gudivada","ownership_type":"patta","story":null,"s2_label":"no_significant_change"}},{"type":"Feature","geometry":{"type":"Polygon","coordinates":[[[80.5546976,16.4429689],[80.5547161,16.4432706],[80.5549566,16.4432614],[80.5549621,16.4429759],[80.5546976,16.4429689]]]},"properties":{"ulpin":"TFCM9165D861FE","survey_no":"141/2A","sub_division":"2A","state":"AP","village":"Mangalagiri (R)","land_use":"residential","zone_code":"R2","area_sqm":875.42,"owner_name":"Ratnam Ganta","ownership_type":"patta","story":null,"s2_label":"no_significant_change"}},{"type":"Feature","geometry":{"type":"Polygon","coordinates":[[[80.5553522,16.4429862],[80.5549621,16.4429759],[80.5549576,16.4432109],[80.5553466,16.4432086],[80.5553522,16.4429862]]]},"properties":{"ulpin":"TFCM916C1E60E8","survey_no":"141/3","sub_division":"3","state":"AP","village":"Mangalagiri (R)","land_use":"residential","zone_code":"R2","area_sqm":1052.23,"owner_name":"Pardhasaradhi Paruchuri","ownership_type":"patta","story":null,"s2_label":"no_significant_change"}},{"type":"Feature","geometry":{"type":"Polygon","coordinates":[[[80.5553466,16.4432086],[80.5549576,16.4432109],[80.5549526,16.4434725],[80.5553402,16.443466],[80.5553466,16.4432086]]]},"properties":{"ulpin":"TFCM91685E447A","survey_no":"141/2B","sub_division":"2B","state":"AP","village":"Mangalagiri (R)","land_use":"agricultural","zone_code":"R2","area_sqm":1189.99,"owner_name":"Padmavathi Paruchuri","ownership_type":"patta","story":null,"s2_label":"no_significant_change"}},{"type":"Feature","geometry":{"type":"Polygon","coordinates":[[[80.55567,16.4432531],[80.5553453,16.4432631],[80.5553402,16.443466],[80.5556838,16.4434602],[80.55567,16.4432531]]]},"properties":{"ulpin":"TFCM9168F01281","survey_no":"123/1","sub_division":"1","state":"AP","village":"Mangalagiri (R)","land_use":"residential","zone_code":"R2","area_sqm":809.43,"owner_name":"Subba Rao Vemuri","ownership_type":"patta","story":null,"s2_label":"no_significant_change"}},{"type":"Feature","geometry":{"type":"Polygon","coordinates":[[[80.5556537,16.443009],[80.5553514,16.443017],[80.5553453,16.4432631],[80.55567,16.4432531],[80.5556537,16.443009]]]},"properties":{"ulpin":"TFCM916E64E482","survey_no":"123/2","sub_division":"2","state":"AP","village":"Mangalagiri (R)","land_use":"residential","zone_code":"R2","area_sqm":907.88,"owner_name":"Bhaskar Nallamothu","ownership_type":"patta","story":null,"s2_label":"no_significant_change"}},{"type":"Feature","geometry":{"type":"Polygon","coordinates":[[[80.5559594,16.4430052],[80.5559589,16.4430008],[80.5556537,16.443009],[80.5556691,16.4432392],[80.5559835,16.443216],[80.5559594,16.4430052]]]},"properties":{"ulpin":"TFCM916F637DE6","survey_no":"123/3","sub_division":"3","state":"AP","village":"Mangalagiri (R)","land_use":"agricultural","zone_code":"AG","area_sqm":818.59,"owner_name":"Siva Kumar Gudivada","ownership_type":"patta","story":null,"s2_label":"no_significant_change"}},{"type":"Feature","geometry":{"type":"Polygon","coordinates":[[[80.5559835,16.443216],[80.5556691,16.4432392],[80.5556838,16.4434602],[80.5560109,16.4434547],[80.5559835,16.443216]]]},"properties":{"ulpin":"TFCM91641E6C82","survey_no":"123/4","sub_division":"4","state":"AP","village":"Mangalagiri (R)","land_use":"residential","zone_code":"R2","area_sqm":874.3,"owner_name":"Ravi Kumar","ownership_type":"patta","story":"clean_residential","s2_label":"no_significant_change"}},{"type":"Feature","geometry":{"type":"Polygon","coordinates":[[[80.5553514,16.443017],[80.5556686,16.4430086],[80.5556662,16.442849],[80.5553552,16.4428651],[80.5553514,16.443017]]]},"properties":{"ulpin":"TFCM916196F0FE","survey_no":"126","sub_division":null,"state":"AP","village":"Mangalagiri (R)","land_use":"residential","zone_code":"R2","area_sqm":577.64,"owner_name":"Jatin Baral","ownership_type":"joint","story":"mortgaged","s2_label":"no_significant_change"}},{"type":"Feature","geometry":{"type":"Polygon","coordinates":[[[80.5553552,16.4428651],[80.5556662,16.442849],[80.555663,16.4426372],[80.5553607,16.4426437],[80.5553552,16.4428651]]]},"properties":{"ulpin":"TFCM91628F32E4","survey_no":"147/2","sub_division":"2","state":"AP","village":"Mangalagiri (R)","land_use":"residential","zone_code":"R2","area_sqm":784.32,"owner_name":"Ubika Virk","ownership_type":"patta","story":null,"s2_label":"no_significant_change"}},{"type":"Feature","geometry":{"type":"Polygon","coordinates":[[[80.555914,16.4426318],[80.555663,16.4426372],[80.5556686,16.4430086],[80.5559589,16.4430008],[80.555914,16.4426318]]]},"properties":{"ulpin":"TFCM9167FD689D","survey_no":"123/5","sub_division":"5","state":"AP","village":"Mangalagiri (R)","land_use":"agricultural","zone_code":"AG","area_sqm":1185.25,"owner_name":"Saraswathi Yarlagadda","ownership_type":"patta","story":null,"s2_label":"vegetation_to_builtup"}},{"type":"Feature","geometry":{"type":"Polygon","coordinates":[[[80.5553675,16.4423712],[80.5553607,16.4426437],[80.5556912,16.4426366],[80.5556808,16.4423553],[80.5553675,16.4423712]]]},"properties":{"ulpin":"TFCM9169A0A102","survey_no":"125/3","sub_division":"3","state":"AP","village":"Mangalagiri (R)","land_use":"commercial","zone_code":"C1","area_sqm":1052.69,"owner_name":"Hanumantha Rao Ganta","ownership_type":"patta","story":null,"s2_label":"no_significant_change"}},{"type":"Feature","geometry":{"type":"Polygon","coordinates":[[[80.5558783,16.4423453],[80.5556808,16.4423553],[80.5556912,16.4426366],[80.555914,16.4426318],[80.5559014,16.4425284],[80.5558783,16.4423453]]]},"properties":{"ulpin":"TFCM9167B91686","survey_no":"125/2","sub_division":"2","state":"AP","village":"Mangalagiri (R)","land_use":"residential","zone_code":"C1","area_sqm":706.81,"owner_name":"Leena Jayaraman","ownership_type":"patta","story":"disputed","s2_label":"no_significant_change"}},{"type":"Feature","geometry":{"type":"Polygon","coordinates":[[[80.5646172,16.4488297],[80.5646177,16.4488287],[80.5647135,16.4486093],[80.5647143,16.4486075],[80.5648131,16.4483898],[80.5648142,16.4483873],[80.5649169,16.4481719],[80.5649185,16.4481688],[80.5650261,16.4479562],[80.565028,16.4479527],[80.5651412,16.4477433],[80.5651433,16.4477396],[80.5652165,16.447613],[80.5643223,16.4471254],[80.5643114,16.4489446],[80.5645666,16.4489478],[80.5646172,16.4488297]]]},"properties":{"ulpin":"TFCM96392CF27A","survey_no":"109/1","sub_division":"1","state":"AP","village":"Mangalagiri (R)","land_use":"agricultural","zone_code":"AG","area_sqm":11380.96,"owner_name":"Siva Kumar Tenali","ownership_type":"patta","story":null,"s2_label":"no_significant_change"}},{"type":"Feature","geometry":{"type":"Polygon","coordinates":[[[80.5652625,16.4475336],[80.5652647,16.4475299],[80.56539,16.4473274],[80.5653923,16.4473239],[80.5655234,16.4471248],[80.5655256,16.4471216],[80.5656621,16.4469256],[80.5656639,16.4469229],[80.565805,16.4467295],[80.5658065,16.4467275],[80.5659016,16.4466015],[80.5658355,16.4466005],[80.5658353,16.4466005],[80.565256,16.4465896],[80.5652558,16.4465896],[80.5646765,16.4465769],[80.5646764,16.4465769],[80.5644093,16.4465703],[80.5643843,16.4467101],[80.5643842,16.4467109],[80.5643562,16.4468541],[80.564356,16.4468547],[80.5643261,16.4469978],[80.5643231,16.4469972],[80.5643223,16.4471254],[80.5652165,16.447613],[80.5652625,16.4475336]]]},"properties":{"ulpin":"TFCM961D85FD25","survey_no":"111/1","sub_division":"1","state":"AP","village":"Mangalagiri (R)","land_use":"agricultural","zone_code":"AG","area_sqm":12067.58,"owner_name":"Veeraiah Kandula","ownership_type":"patta","story":null,"s2_label":"no_significant_change"}},{"type":"Feature","geometry":{"type":"Polygon","coordinates":[[[80.5632932,16.4489335],[80.5634628,16.4489351],[80.5634736,16.4477367],[80.5626319,16.447724],[80.5626553,16.4489324],[80.5628649,16.4489318],[80.5628653,16.4489318],[80.5632929,16.4489335],[80.5632932,16.4489335]]]},"properties":{"ulpin":"TFCM9622D7C78B","survey_no":"107/2","sub_division":"2","state":"AP","village":"Mangalagiri (R)","land_use":"agricultural","zone_code":"AG","area_sqm":11709.84,"owner_name":"Dominic Mital","ownership_type":"patta","story":null,"s2_label":"no_significant_change"}},{"type":"Feature","geometry":{"type":"Polygon","coordinates":[[[80.5637209,16.4489374],[80.5637211,16.4489374],[80.5641489,16.4489425],[80.5643114,16.4489446],[80.5643186,16.4477494],[80.5634736,16.4477367],[80.5634628,16.4489351],[80.5637209,16.4489374]]]},"properties":{"ulpin":"TFCM96228E6B50","survey_no":"107/3","sub_division":"3","state":"AP","village":"Mangalagiri (R)","land_use":"agricultural","zone_code":"AG","area_sqm":11965.61,"owner_name":"Vasudha Chaudhry","ownership_type":"patta","story":null,"s2_label":"no_significant_change"}},{"type":"Feature","geometry":{"type":"Polygon","coordinates":[[[80.5629382,16.4465317],[80.5626087,16.4465227],[80.5626319,16.447724],[80.5634411,16.4477362],[80.5634685,16.4465461],[80.5629382,16.4465317]]]},"properties":{"ulpin":"TFCM96071392C3","survey_no":"110/4","sub_division":"4","state":"AP","village":"Mangalagiri (R)","land_use":"agricultural","zone_code":"AG","area_sqm":11783.89,"owner_name":"Prasad Nallamothu","ownership_type":"joint","story":null,"s2_label":"no_significant_change"}},{"type":"Feature","geometry":{"type":"Polygon","coordinates":[[[80.5642251,16.4469781],[80.564255,16.4468353],[80.5642828,16.4466928],[80.5643052,16.4465677],[80.5640971,16.4465626],[80.564097,16.4465626],[80.5635176,16.4465474],[80.5634685,16.4465461],[80.5634411,16.4477362],[80.5643186,16.4477494],[80.5643231,16.4469972],[80.5642251,16.4469781]]]},"properties":{"ulpin":"TFCM96000C0820","survey_no":"110/5","sub_division":"5","state":"AP","village":"Mangalagiri (R)","land_use":"agricultural","zone_code":"AG","area_sqm":11854.25,"owner_name":"Koteswara Rao Nandigam","ownership_type":"patta","story":null,"s2_label":"no_significant_change"}},{"type":"Feature","geometry":{"type":"Polygon","coordinates":[[[80.5611537,16.4489596],[80.5615271,16.4489482],[80.5614445,16.4477913],[80.5603568,16.4478739],[80.560414,16.4489928],[80.5607254,16.4489771],[80.560726,16.448977],[80.5611531,16.4489596],[80.5611537,16.4489596]]]},"properties":{"ulpin":"TFCM94Q077DBBB","survey_no":"106/2","sub_division":"2","state":"AP","village":"Mangalagiri (R)","land_use":"agricultural","zone_code":"AG","area_sqm":14808.37,"owner_name":"Vijaya Mannava","ownership_type":"patta","story":null,"s2_label":"no_significant_change"}},{"type":"Feature","geometry":{"type":"Polygon","coordinates":[[[80.561581,16.4489465],[80.5615815,16.4489465],[80.5620089,16.4489377],[80.5620094,16.4489377],[80.5624369,16.448933],[80.5624373,16.448933],[80.5626553,16.4489324],[80.5626315,16.4477011],[80.5614445,16.4477913],[80.5615271,16.4489482],[80.561581,16.4489465]]]},"properties":{"ulpin":"TFCM94RE099D30","survey_no":"107/1","sub_division":"1","state":"AP","village":"Mangalagiri (R)","land_use":"agricultural","zone_code":"AG","area_sqm":16325.4,"owner_name":"Anjaneyulu Alapati","ownership_type":"patta","story":null,"s2_label":"no_significant_change"}},{"type":"Feature","geometry":{"type":"Polygon","coordinates":[[[80.5610007,16.4464823],[80.561003,16.4466419],[80.561003,16.4466424],[80.5610041,16.4469808],[80.5609011,16.4469811],[80.5609,16.446643],[80.5608976,16.44648],[80.5606213,16.446474],[80.5602849,16.4464678],[80.5603227,16.4472072],[80.5616698,16.4471938],[80.5616195,16.4464969],[80.5612004,16.4464866],[80.5610007,16.4464823]]]},"properties":{"ulpin":"TFCM94N74AD6A6","survey_no":"111/2","sub_division":"2","state":"AP","village":"Mangalagiri (R)","land_use":"agricultural","zone_code":"AG","area_sqm":10772.26,"owner_name":"Naga Raju Boppana","ownership_type":"patta","story":null,"s2_label":"no_significant_change"}},{"type":"Feature","geometry":{"type":"Polygon","coordinates":[[[80.5603568,16.4478739],[80.5617114,16.447771],[80.5616698,16.4471938],[80.5603227,16.4472072],[80.5603568,16.4478739]]]},"properties":{"ulpin":"TFCM94N7AB0430","survey_no":"109/2","sub_division":"2","state":"AP","village":"Mangalagiri (R)","land_use":"agricultural","zone_code":"AG","area_sqm":9947.75,"owner_name":"Anasuya Bollineni","ownership_type":"patta","story":null,"s2_label":"no_significant_change"}},{"type":"Feature","geometry":{"type":"Polygon","coordinates":[[[80.5623589,16.4465159],[80.5617796,16.4465008],[80.5616195,16.4464969],[80.5617114,16.447771],[80.5626315,16.4477011],[80.5626087,16.4465227],[80.5623589,16.4465159]]]},"properties":{"ulpin":"TFCM94PA2A9CAB","survey_no":"110/3B","sub_division":"3B","state":"AP","village":"Mangalagiri (R)","land_use":"agricultural","zone_code":"AG","area_sqm":13841.68,"owner_name":"Kondaiah Pothula","ownership_type":"patta","story":null,"s2_label":"no_significant_change"}},{"type":"Feature","geometry":{"type":"Polygon","coordinates":[[[80.5588841,16.4464494],[80.5587977,16.446449],[80.5587913,16.4466387],[80.5587796,16.446978],[80.5586767,16.4469747],[80.5586883,16.4466354],[80.5586946,16.4464485],[80.5584609,16.4464474],[80.5585253,16.4480345],[80.5593216,16.4480169],[80.5592979,16.4464534],[80.5588841,16.4464494]]]},"properties":{"ulpin":"TFCM94J8B461D5","survey_no":"109/3","sub_division":"3","state":"AP","village":"Mangalagiri (R)","land_use":"agricultural","zone_code":"AG","area_sqm":14557.8,"owner_name":"Gopala Krishna Chalasani","ownership_type":"joint","story":null,"s2_label":"no_significant_change"}},{"type":"Feature","geometry":{"type":"Polygon","coordinates":[[[80.5600422,16.4464634],[80.5594631,16.446455],[80.5592979,16.4464534],[80.5593216,16.4480169],[80.5603629,16.447994],[80.5602849,16.4464678],[80.5600422,16.4464634]]]},"properties":{"ulpin":"TFCM94J1F406B8","survey_no":"110/1","sub_division":"1","state":"AP","village":"Mangalagiri (R)","land_use":"agricultural","zone_code":"AG","area_sqm":18511.42,"owner_name":"Ekalinga Lalla","ownership_type":"patta","story":null,"s2_label":"no_significant_change"}},{"type":"Feature","geometry":{"type":"Polygon","coordinates":[[[80.5590164,16.4490834],[80.5590165,16.4490834],[80.5594434,16.4490525],[80.5594437,16.4490525],[80.5595028,16.4490486],[80.5594103,16.448015],[80.5585253,16.4480345],[80.5585693,16.4491174],[80.5585895,16.4491158],[80.5585896,16.4491158],[80.5590164,16.4490834]]]},"properties":{"ulpin":"TFCM94M9858B73","survey_no":"105/2","sub_division":"2","state":"AP","village":"Mangalagiri (R)","land_use":"agricultural","zone_code":"AG","area_sqm":11392.05,"owner_name":"Chatresh Dugal","ownership_type":"patta","story":null,"s2_label":"no_significant_change"}},{"type":"Feature","geometry":{"type":"Polygon","coordinates":[[[80.5598706,16.449024],[80.559871,16.449024],[80.5602979,16.4489987],[80.5602984,16.4489986],[80.560414,16.4489928],[80.5603629,16.447994],[80.5594103,16.448015],[80.5595028,16.4490486],[80.5598706,16.449024]]]},"properties":{"ulpin":"TFCM94MC5A7C1B","survey_no":"106/1","sub_division":"1","state":"AP","village":"Mangalagiri (R)","land_use":"agricultural","zone_code":"AG","area_sqm":11202.41,"owner_name":"Satyanarayana Ravuri","ownership_type":"patta","story":null,"s2_label":"no_significant_change"}},{"type":"Feature","geometry":{"type":"Polygon","coordinates":[[[80.5577361,16.4491813],[80.5581628,16.4491488],[80.5585693,16.4491174],[80.5585104,16.4476672],[80.5574935,16.4477031],[80.5575095,16.4491978],[80.5577361,16.4491813]]]},"properties":{"ulpin":"TFCM94KD27C3AF","survey_no":"105/3","sub_division":"3","state":"AP","village":"Mangalagiri (R)","land_use":"agricultural","zone_code":"AG","area_sqm":18086.34,"owner_name":"Gram Panchayat, Mangalagiri (R)","ownership_type":"govt","story":null,"s2_label":"no_significant_change"}},{"type":"Feature","geometry":{"type":"Polygon","coordinates":[[[80.5575095,16.4491978],[80.5575029,16.4485835],[80.5563832,16.4485583],[80.5563749,16.4487364],[80.5563749,16.4487375],[80.5563468,16.4492166],[80.5563468,16.4492175],[80.5563429,16.449273],[80.5564564,16.4492671],[80.5568829,16.4492412],[80.5573095,16.4492124],[80.5575095,16.4491978]]]},"properties":{"ulpin":"TFCM9479D25F64","survey_no":"105/1","sub_division":"1","state":"AP","village":"Mangalagiri (R)","land_use":"agricultural","zone_code":"AG","area_sqm":8982.72,"owner_name":"Rama Devi Chebrolu","ownership_type":"patta","story":null,"s2_label":"no_significant_change"}},{"type":"Feature","geometry":{"type":"Polygon","coordinates":[[[80.5574935,16.4477031],[80.5564132,16.4477413],[80.5564126,16.447776],[80.5564126,16.4477774],[80.5563971,16.4482562],[80.5563971,16.4482575],[80.5563832,16.4485583],[80.5575029,16.4485835],[80.5574935,16.4477031]]]},"properties":{"ulpin":"TFCM947063C7A9","survey_no":"108","sub_division":null,"state":"AP","village":"Mangalagiri (R)","land_use":"agricultural","zone_code":"AG","area_sqm":11008.71,"owner_name":"Lohit Kade","ownership_type":"patta","story":null,"s2_label":"no_significant_change"}},{"type":"Feature","geometry":{"type":"Polygon","coordinates":[[[80.5571474,16.4464508],[80.5565686,16.4464578],[80.5564156,16.4464605],[80.5564212,16.4468158],[80.5564212,16.4468174],[80.5564208,16.4472959],[80.5564208,16.4472974],[80.5564132,16.4477413],[80.5575459,16.4477012],[80.5575083,16.4464485],[80.5571474,16.4464508]]]},"properties":{"ulpin":"TFCM9456F25F3A","survey_no":"110/2","sub_division":"2","state":"AP","village":"Mangalagiri (R)","land_use":"agricultural","zone_code":"AG","area_sqm":16596.49,"owner_name":"Manjula Kandula","ownership_type":"joint","story":null,"s2_label":"no_significant_change"}},{"type":"Feature","geometry":{"type":"Polygon","coordinates":[[[80.5583052,16.4464467],[80.5577263,16.4464471],[80.5575083,16.4464485],[80.5575459,16.4477012],[80.5585104,16.4476672],[80.5584609,16.4464474],[80.5583052,16.4464467]]]},"properties":{"ulpin":"TFCM94H2DC2674","survey_no":"110/3A","sub_division":"3A","state":"AP","village":"Mangalagiri (R)","land_use":"agricultural","zone_code":"AG","area_sqm":14012.74,"owner_name":"Subba Rao Paruchuri","ownership_type":"patta","story":null,"s2_label":"no_significant_change"}},{"type":"Feature","geometry":{"type":"Polygon","coordinates":[[[79.940834,12.9451401],[79.940903,12.9451425],[79.9409139,12.945],[79.9408411,12.945],[79.940834,12.9451401]]]},"properties":{"ulpin":"TF2CEHE2327F37","survey_no":"270/2","sub_division":"2","state":"TN","village":"Sriperumbudur (R)","land_use":"residential","zone_code":"R1","area_sqm":120.31,"owner_name":"Sriperumbudur Town Panchayat","ownership_type":"govt","story":null,"s2_label":"no_significant_change"}},{"type":"Feature","geometry":{"type":"Polygon","coordinates":[[[79.9409901,12.9451454],[79.9409972,12.945],[79.9409139,12.945],[79.940903,12.9451425],[79.9409901,12.9451454]]]},"properties":{"ulpin":"TF2CEHE119B315","survey_no":"270/3A","sub_division":"3A","state":"TN","village":"Sriperumbudur (R)","land_use":"residential","zone_code":"R1","area_sqm":147.28,"owner_name":"Kamala Kandasamy","ownership_type":"patta","story":null,"s2_label":"no_significant_change"}},{"type":"Feature","geometry":{"type":"Polygon","coordinates":[[[79.941061,12.9450001],[79.941107,12.945],[79.9411,12.945],[79.9409972,12.945],[79.9409901,12.9451454],[79.9410603,12.9451478],[79.941061,12.9450158],[79.941061,12.9450001]]]},"properties":{"ulpin":"TF2CEHEA2A9FC9","survey_no":"270/3B","sub_division":"3B","state":"TN","village":"Sriperumbudur (R)","land_use":"residential","zone_code":"R1","area_sqm":118.0,"owner_name":"Samarth Venkatesh","ownership_type":"joint","story":null,"s2_label":"no_significant_change"}},{"type":"Feature","geometry":{"type":"Polygon","coordinates":[[[79.9408229,12.9453606],[79.9409397,12.9453661],[79.9409422,12.945234],[79.9408294,12.9452312],[79.9408229,12.9453606]]]},"properties":{"ulpin":"TF2CEHE929D96E","survey_no":"267/4A","sub_division":"4A","state":"TN","village":"Sriperumbudur (R)","land_use":"residential","zone_code":"R1","area_sqm":180.32,"owner_name":"Selvi Raman","ownership_type":"patta","story":null,"s2_label":"no_significant_change"}},{"type":"Feature","geometry":{"type":"Polygon","coordinates":[[[79.9408294,12.9452312],[79.9409422,12.945234],[79.940944,12.9451438],[79.940834,12.9451401],[79.9408294,12.9452312]]]},"properties":{"ulpin":"TF2CEHE06679FB","survey_no":"267/4B","sub_division":"4B","state":"TN","village":"Sriperumbudur (R)","land_use":"residential","zone_code":"R1","area_sqm":121.24,"owner_name":"Ramasamy Elumalai","ownership_type":"patta","story":null,"s2_label":"no_significant_change"}},{"type":"Feature","geometry":{"type":"Polygon","coordinates":[[[79.9410603,12.9451478],[79.940944,12.9451438],[79.9409418,12.9452569],[79.9410592,12.9452607],[79.9410603,12.9451559],[79.9410603,12.9451478]]]},"properties":{"ulpin":"TF2CEHE01BE691","survey_no":"269/1","sub_division":"1","state":"TN","village":"Sriperumbudur (R)","land_use":"residential","zone_code":"R1","area_sqm":158.58,"owner_name":"Bharathi Annamalai","ownership_type":"patta","story":null,"s2_label":"no_significant_change"}},{"type":"Feature","geometry":{"type":"Polygon","coordinates":[[[79.9409397,12.9453661],[79.941058,12.9453717],[79.9410589,12.9452961],[79.9410592,12.9452607],[79.9409418,12.9452569],[79.9409397,12.9453661]]]},"properties":{"ulpin":"TF2CEHE8B976F0","survey_no":"268","sub_division":null,"state":"TN","village":"Sriperumbudur (R)","land_use":"residential","zone_code":"R1","area_sqm":155.81,"owner_name":"Manikandan Srinivasan","ownership_type":"joint","story":null,"s2_label":"no_significant_change"}},{"type":"Feature","geometry":{"type":"Polygon","coordinates":[[[79.9408229,12.9453606],[79.9408262,12.9452956],[79.9406815,12.9452855],[79.9406796,12.9453538],[79.9408229,12.9453606]]]},"properties":{"ulpin":"TF2CEHE1C90005","survey_no":"267/1","sub_division":"1","state":"TN","village":"Sriperumbudur (R)","land_use":"residential","zone_code":"R1","area_sqm":115.31,"owner_name":"Farhan Varkey","ownership_type":"patta","story":null,"s2_label":"no_significant_change"}},{"type":"Feature","geometry":{"type":"Polygon","coordinates":[[[79.9408307,12.945206],[79.9406836,12.9452052],[79.9406815,12.9452855],[79.9408262,12.9452956],[79.9408307,12.945206]]]},"properties":{"ulpin":"TF2CEHE21B01D6","survey_no":"267/2","sub_division":"2","state":"TN","village":"Sriperumbudur (R)","land_use":"residential","zone_code":"R1","area_sqm":148.96,"owner_name":"Saanvi Ravel","ownership_type":"joint","story":null,"s2_label":"no_significant_change"}},{"type":"Feature","geometry":{"type":"Polygon","coordinates":[[[79.940687,12.9450801],[79.9408367,12.9450882],[79.9408411,12.945],[79.9406891,12.945],[79.940687,12.9450801]]]},"properties":{"ulpin":"TF2CEHEBB43692","survey_no":"270/1","sub_division":"1","state":"TN","village":"Sriperumbudur (R)","land_use":"residential","zone_code":"R1","area_sqm":152.46,"owner_name":"Subramani Srinivasan","ownership_type":"patta","story":null,"s2_label":"no_significant_change"}},{"type":"Feature","geometry":{"type":"Polygon","coordinates":[[[79.9406836,12.9452052],[79.9408307,12.945206],[79.9408367,12.9450882],[79.940687,12.9450801],[79.9406836,12.9452052]]]},"properties":{"ulpin":"TF2CEHE8D0C5D3","survey_no":"267/3","sub_division":"3","state":"TN","village":"Sriperumbudur (R)","land_use":"residential","zone_code":"R1","area_sqm":216.48,"owner_name":"Ganesan Annamalai","ownership_type":"patta","story":null,"s2_label":"no_significant_change"}},{"type":"Feature","geometry":{"type":"Polygon","coordinates":[[[79.9406826,12.9452425],[79.9405597,12.9452386],[79.9405598,12.9453482],[79.9406796,12.9453538],[79.9406826,12.9452425]]]},"properties":{"ulpin":"TF2CEHDECDF6AE","survey_no":"265/3","sub_division":"3","state":"TN","village":"Sriperumbudur (R)","land_use":"residential","zone_code":"R1","area_sqm":160.89,"owner_name":"Kamala Kandasamy","ownership_type":"patta","story":null,"s2_label":"no_significant_change"}},{"type":"Feature","geometry":{"type":"Polygon","coordinates":[[[79.9406849,12.9451553],[79.9405597,12.9451558],[79.9405597,12.9452386],[79.9406826,12.9452425],[79.9406849,12.9451553]]]},"properties":{"ulpin":"TF2CEHD9791A33","survey_no":"266/1","sub_division":"1","state":"TN","village":"Sriperumbudur (R)","land_use":"residential","zone_code":"R1","area_sqm":126.54,"owner_name":"Yashodhara Boase","ownership_type":"patta","story":null,"s2_label":"no_significant_change"}},{"type":"Feature","geometry":{"type":"Polygon","coordinates":[[[79.9405598,12.9453482],[79.9405597,12.9451558],[79.9404637,12.9451562],[79.9404664,12.9453437],[79.9405598,12.9453482]]]},"properties":{"ulpin":"TF2CEHDAD1E754","survey_no":"265/1","sub_division":"1","state":"TN","village":"Sriperumbudur (R)","land_use":"residential","zone_code":"R1","area_sqm":215.8,"owner_name":"Lopa Murty","ownership_type":"joint","story":null,"s2_label":"no_significant_change"}},{"type":"Feature","geometry":{"type":"Polygon","coordinates":[[[79.9406849,12.9451553],[79.9406891,12.945],[79.9405872,12.945],[79.9405872,12.9451557],[79.9406849,12.9451553]]]},"properties":{"ulpin":"TF2CEHD4062E06","survey_no":"266/2","sub_division":"2","state":"TN","village":"Sriperumbudur (R)","land_use":"residential","zone_code":"R1","area_sqm":186.31,"owner_name":"Selvi Venkatesan","ownership_type":"patta","story":null,"s2_label":"no_significant_change"}},{"type":"Feature","geometry":{"type":"Polygon","coordinates":[[[79.9404637,12.9451562],[79.9405872,12.9451557],[79.9405872,12.945],[79.94055,12.945],[79.9404614,12.945],[79.9404637,12.9451562]]]},"properties":{"ulpin":"TF2CEHD81A3542","survey_no":"265/2","sub_division":"2","state":"TN","village":"Sriperumbudur (R)","land_use":"residential","zone_code":"R1","area_sqm":233.28,"owner_name":"Wazir Halder","ownership_type":"patta","story":null,"s2_label":"no_significant_change"}},{"type":"Feature","geometry":{"type":"Polygon","coordinates":[[[79.9404678,12.9454391],[79.9406245,12.9454441],[79.940631,12.9453515],[79.9404664,12.9453437],[79.9404678,12.9454391]]]},"properties":{"ulpin":"TF2CEHD01CF708","survey_no":"255/1","sub_division":"1","state":"TN","village":"Sriperumbudur (R)","land_use":"residential","zone_code":"R1","area_sqm":181.35,"owner_name":"Chandran Subramanian","ownership_type":"patta","story":null,"s2_label":"no_significant_change"}},{"type":"Feature","geometry":{"type":"Polygon","coordinates":[[[79.9404691,12.9455263],[79.9406184,12.9455305],[79.9406245,12.9454441],[79.9404678,12.9454391],[79.9404691,12.9455263]]]},"properties":{"ulpin":"TF2CEHDB193D3B","survey_no":"254/5","sub_division":"5","state":"TN","village":"Sriperumbudur (R)","land_use":"residential","zone_code":"R1","area_sqm":159.39,"owner_name":"Duraisamy Srinivasan","ownership_type":"patta","story":null,"s2_label":"no_significant_change"}},{"type":"Feature","geometry":{"type":"Polygon","coordinates":[[[79.9406184,12.9455305],[79.9407043,12.945533],[79.9407073,12.9453551],[79.940631,12.9453515],[79.9406184,12.9455305]]]},"properties":{"ulpin":"TF2CEHE28270F9","survey_no":"256","sub_division":null,"state":"TN","village":"Sriperumbudur (R)","land_use":"residential","zone_code":"R1","area_sqm":173.96,"owner_name":"Selvi Srinivasan","ownership_type":"patta","story":null,"s2_label":"no_significant_change"}},{"type":"Feature","geometry":{"type":"Polygon","coordinates":[[[79.9408024,12.9455357],[79.9407983,12.9453594],[79.9407073,12.9453551],[79.9407043,12.945533],[79.9408024,12.9455357]]]},"properties":{"ulpin":"TF2CEHE3610C44","survey_no":"258","sub_division":null,"state":"TN","village":"Sriperumbudur (R)","land_use":"residential","zone_code":"R1","area_sqm":200.8,"owner_name":"Vasanthi Ramalingam","ownership_type":"patta","story":null,"s2_label":"no_significant_change"}},{"type":"Feature","geometry":{"type":"Polygon","coordinates":[[[79.9406614,12.9456958],[79.9406693,12.945532],[79.9405616,12.9455289],[79.940556,12.9456949],[79.9406614,12.9456958]]]},"properties":{"ulpin":"TF2CEHD4D67097","survey_no":"255/2","sub_division":"2","state":"TN","village":"Sriperumbudur (R)","land_use":"residential","zone_code":"R1","area_sqm":211.11,"owner_name":"Kamala Elumalai","ownership_type":"patta","story":null,"s2_label":"no_significant_change"}},{"type":"Feature","geometry":{"type":"Polygon","coordinates":[[[79.9404716,12.9456942],[79.940556,12.9456949],[79.9405616,12.9455289],[79.9404691,12.9455263],[79.9404716,12.9456942]]]},"properties":{"ulpin":"TF2CEHDC50EDCB","survey_no":"254/4B","sub_division":"4B","state":"TN","village":"Sriperumbudur (R)","land_use":"residential","zone_code":"R1","area_sqm":177.2,"owner_name":"Palaniappan Kandasamy","ownership_type":"patta","story":null,"s2_label":"no_significant_change"}},{"type":"Feature","geometry":{"type":"Polygon","coordinates":[[[79.9406614,12.9456958],[79.9408062,12.9456971],[79.9408041,12.9456058],[79.9406656,12.9456083],[79.9406614,12.9456958]]]},"properties":{"ulpin":"TF2CEHE1886541","survey_no":"250/2","sub_division":"2","state":"TN","village":"Sriperumbudur (R)","land_use":"residential","zone_code":"R1","area_sqm":151.94,"owner_name":"Warinder Setty","ownership_type":"patta","story":null,"s2_label":"no_significant_change"}},{"type":"Feature","geometry":{"type":"Polygon","coordinates":[[[79.9406656,12.9456083],[79.9408041,12.9456058],[79.9408024,12.9455357],[79.9406693,12.945532],[79.9406656,12.9456083]]]},"properties":{"ulpin":"TF2CEHEEB23B79","survey_no":"257","sub_division":null,"state":"TN","village":"Sriperumbudur (R)","land_use":"residential","zone_code":"R1","area_sqm":119.21,"owner_name":"Duraisamy Venkatesan","ownership_type":"patta","story":null,"s2_label":"no_significant_change"}},{"type":"Feature","geometry":{"type":"Polygon","coordinates":[[[79.9408039,12.9455985],[79.9409376,12.9456043],[79.9409413,12.9455382],[79.9408024,12.9455347],[79.9408039,12.9455985]]]},"properties":{"ulpin":"TF2CEHE35D1F66","survey_no":"260/2","sub_division":"2","state":"TN","village":"Sriperumbudur (R)","land_use":"residential","zone_code":"R1","area_sqm":106.38,"owner_name":"Prisha Bassi","ownership_type":"joint","story":null,"s2_label":"no_significant_change"}},{"type":"Feature","geometry":{"type":"Polygon","coordinates":[[[79.9408062,12.9456971],[79.9409324,12.9456982],[79.9409376,12.9456043],[79.9408039,12.9455985],[79.9408062,12.9456971]]]},"properties":{"ulpin":"TF2CEHED059CB1","survey_no":"250/5","sub_division":"5","state":"TN","village":"Sriperumbudur (R)","land_use":"commercial","zone_code":"R1","area_sqm":150.15,"owner_name":"Farhan Andra","ownership_type":"patta","story":null,"s2_label":"no_significant_change"}},{"type":"Feature","geometry":{"type":"Polygon","coordinates":[[[79.9410557,12.945577],[79.9410561,12.9455411],[79.9409413,12.9455382],[79.9409324,12.9456982],[79.9410549,12.9456993],[79.9410557,12.9455772],[79.9410557,12.945577]]]},"properties":{"ulpin":"TF2CEHE781669C","survey_no":"261/2","sub_division":"2","state":"TN","village":"Sriperumbudur (R)","land_use":"residential","zone_code":"R1","area_sqm":226.42,"owner_name":"Arumugam Perumal","ownership_type":"patta","story":null,"s2_label":"no_significant_change"}},{"type":"Feature","geometry":{"type":"Polygon","coordinates":[[[79.9408024,12.9455347],[79.9409217,12.9455377],[79.9409236,12.9454622],[79.9408006,12.9454585],[79.9408024,12.9455347]]]},"properties":{"ulpin":"TF2CEHE36DA33C","survey_no":"260/1","sub_division":"1","state":"TN","village":"Sriperumbudur (R)","land_use":"residential","zone_code":"R1","area_sqm":110.28,"owner_name":"Kannan Palanisamy","ownership_type":"patta","story":null,"s2_label":"no_significant_change"}},{"type":"Feature","geometry":{"type":"Polygon","coordinates":[[[79.9408006,12.9454585],[79.9409236,12.9454622],[79.940926,12.9453654],[79.9407983,12.9453594],[79.9408006,12.9454585]]]},"properties":{"ulpin":"TF2CEHEE852E59","survey_no":"259","sub_division":null,"state":"TN","village":"Sriperumbudur (R)","land_use":"residential","zone_code":"R1","area_sqm":147.35,"owner_name":"Tamilselvan Ramalingam","ownership_type":"patta","story":null,"s2_label":"no_significant_change"}},{"type":"Feature","geometry":{"type":"Polygon","coordinates":[[[79.941058,12.9453717],[79.940926,12.9453654],[79.940924,12.9454464],[79.941057,12.9454551],[79.9410572,12.9454366],[79.9410572,12.9454365],[79.941058,12.9453717]]]},"properties":{"ulpin":"TF2CEHEC1ED0A3","survey_no":"261/1","sub_division":"1","state":"TN","village":"Sriperumbudur (R)","land_use":"residential","zone_code":"R1","area_sqm":130.77,"owner_name":"Pranit Oak","ownership_type":"patta","story":null,"s2_label":"no_significant_change"}},{"type":"Feature","geometry":{"type":"Polygon","coordinates":[[[79.9409217,12.9455377],[79.9410561,12.9455411],[79.941057,12.9454551],[79.940924,12.9454464],[79.9409217,12.9455377]]]},"properties":{"ulpin":"TF2CEHE8F64B4C","survey_no":"260/3","sub_division":"3","state":"TN","village":"Sriperumbudur (R)","land_use":"residential","zone_code":"R1","area_sqm":142.3,"owner_name":"Isaac Bhargava","ownership_type":"patta","story":null,"s2_label":"no_significant_change"}},{"type":"Feature","geometry":{"type":"Polygon","coordinates":[[[79.9401057,12.9451899],[79.9402441,12.9451948],[79.9402449,12.9450873],[79.940107,12.9450834],[79.9401057,12.9451899]]]},"properties":{"ulpin":"TF2CEHD73D8DE8","survey_no":"263","sub_division":null,"state":"TN","village":"Sriperumbudur (R)","land_use":"residential","zone_code":"R1","area_sqm":177.42,"owner_name":"Tamilarasi Ramalingam","ownership_type":"patta","story":null,"s2_label":"no_significant_change"}},{"type":"Feature","geometry":{"type":"Polygon","coordinates":[[[79.940107,12.9450834],[79.9402449,12.9450873],[79.9402454,12.945],[79.9401081,12.945],[79.940107,12.9450834]]]},"properties":{"ulpin":"TF2CEHD9B9E925","survey_no":"269/2","sub_division":"2","state":"TN","village":"Sriperumbudur (R)","land_use":"residential","zone_code":"R1","area_sqm":140.94,"owner_name":"Thilagam Sundaram","ownership_type":"patta","story":null,"s2_label":"no_significant_change"}},{"type":"Feature","geometry":{"type":"Polygon","coordinates":[[[79.94,12.945],[79.94,12.9451863],[79.9401057,12.9451899],[79.9401081,12.945],[79.94,12.945]]]},"properties":{"ulpin":"TF2CEHD73F3707","survey_no":"262/1","sub_division":"1","state":"TN","village":"Sriperumbudur (R)","land_use":"residential","zone_code":"R1","area_sqm":241.25,"owner_name":"Senthil Natarajan","ownership_type":"patta","story":null,"s2_label":"no_significant_change"}},{"type":"Feature","geometry":{"type":"Polygon","coordinates":[[[79.94,12.9453578],[79.9401376,12.9453546],[79.9401329,12.9452506],[79.94,12.9452585],[79.94,12.9453578]]]},"properties":{"ulpin":"TF2CEHDC754D14","survey_no":"262/3","sub_division":"3","state":"TN","village":"Sriperumbudur (R)","land_use":"residential","zone_code":"R1","area_sqm":165.17,"owner_name":"Vennila Raman","ownership_type":"patta","story":null,"s2_label":"no_significant_change"}},{"type":"Feature","geometry":{"type":"Polygon","coordinates":[[[79.94,12.9452585],[79.9401329,12.9452506],[79.9401302,12.9451908],[79.94,12.9451863],[79.94,12.9452585]]]},"properties":{"ulpin":"TF2CEHD0BDD0F5","survey_no":"262/2","sub_division":"2","state":"TN","village":"Sriperumbudur (R)","land_use":"residential","zone_code":"R1","area_sqm":104.14,"owner_name":"Selvam Balakrishnan","ownership_type":"patta","story":null,"s2_label":"no_significant_change"}},{"type":"Feature","geometry":{"type":"Polygon","coordinates":[[[79.9401302,12.9451908],[79.9401376,12.9453546],[79.9402431,12.9453522],[79.9402441,12.9451948],[79.9401302,12.9451908]]]},"properties":{"ulpin":"TF2CEHDB827D12","survey_no":"264/1","sub_division":"1","state":"TN","village":"Sriperumbudur (R)","land_use":"residential","zone_code":"R1","area_sqm":211.42,"owner_name":"Nandini Bhatnagar","ownership_type":"patta","story":null,"s2_label":"no_significant_change"}},{"type":"Feature","geometry":{"type":"Polygon","coordinates":[[[79.9403475,12.9451061],[79.9404628,12.9451008],[79.9404614,12.945],[79.9403464,12.945],[79.9403475,12.9451061]]]},"properties":{"ulpin":"TF2CEHD20529A7","survey_no":"269/3","sub_division":"3","state":"TN","village":"Sriperumbudur (R)","land_use":"residential","zone_code":"R1","area_sqm":143.01,"owner_name":"Laksh Gokhale","ownership_type":"patta","story":null,"s2_label":"no_significant_change"}},{"type":"Feature","geometry":{"type":"Polygon","coordinates":[[[79.9403485,12.945206],[79.9404644,12.9452099],[79.9404628,12.9451008],[79.9403475,12.9451061],[79.9403485,12.945206]]]},"properties":{"ulpin":"TF2CEHD3CBB907","survey_no":"264/3","sub_division":"3","state":"TN","village":"Sriperumbudur (R)","land_use":"residential","zone_code":"R1","area_sqm":145.0,"owner_name":"Lekha Bhattacharyya","ownership_type":"patta","story":null,"s2_label":"no_significant_change"}},{"type":"Feature","geometry":{"type":"Polygon","coordinates":[[[79.9402454,12.945],[79.9402441,12.9452026],[79.9403485,12.945206],[79.9403464,12.945],[79.9402454,12.945]]]},"properties":{"ulpin":"TF2CEHD69E3059","survey_no":"264/2A","sub_division":"2A","state":"TN","village":"Sriperumbudur (R)","land_use":"residential","zone_code":"R1","area_sqm":251.67,"owner_name":"Xalak Mital","ownership_type":"patta","story":null,"s2_label":"no_significant_change"}},{"type":"Feature","geometry":{"type":"Polygon","coordinates":[[[79.9402441,12.9452026],[79.9402431,12.9453522],[79.9403507,12.9453497],[79.9403493,12.945206],[79.9402441,12.9452026]]]},"properties":{"ulpin":"TF2CEHD1925969","survey_no":"264/2B","sub_division":"2B","state":"TN","village":"Sriperumbudur (R)","land_use":"residential","zone_code":"R1","area_sqm":187.19,"owner_name":"Baljiwan Sathe","ownership_type":"patta","story":null,"s2_label":"no_significant_change"}},{"type":"Feature","geometry":{"type":"Polygon","coordinates":[[[79.9403493,12.945206],[79.9403507,12.9453497],[79.9404665,12.945347],[79.9404644,12.9452099],[79.9403493,12.945206]]]},"properties":{"ulpin":"TF2CEHD0693B93","survey_no":"264/4","sub_division":"4","state":"TN","village":"Sriperumbudur (R)","land_use":"residential","zone_code":"R1","area_sqm":194.54,"owner_name":"Laksh Deol","ownership_type":"patta","story":null,"s2_label":"no_significant_change"}},{"type":"Feature","geometry":{"type":"Polygon","coordinates":[[[79.9403592,12.9453495],[79.9403565,12.9455038],[79.9404688,12.9455068],[79.9404665,12.945347],[79.9403592,12.9453495]]]},"properties":{"ulpin":"TF2CEHD3C89960","survey_no":"254/3","sub_division":"3","state":"TN","village":"Sriperumbudur (R)","land_use":"vacant","zone_code":"R1","area_sqm":206.88,"owner_name":"Janaki Muthusamy","ownership_type":"patta","story":null,"s2_label":"no_significant_change"}},{"type":"Feature","geometry":{"type":"Polygon","coordinates":[[[79.9402407,12.9453522],[79.9402454,12.9455009],[79.9403565,12.9455038],[79.9403592,12.9453495],[79.9402407,12.9453522]]]},"properties":{"ulpin":"TF2CEHD950F1F4","survey_no":"254/1","sub_division":"1","state":"TN","village":"Sriperumbudur (R)","land_use":"residential","zone_code":"R1","area_sqm":208.67,"owner_name":"Senthil Krishnan","ownership_type":"joint","story":null,"s2_label":"no_significant_change"}},{"type":"Feature","geometry":{"type":"Polygon","coordinates":[[[79.9402513,12.9456922],[79.9403776,12.9456934],[79.9403773,12.9456152],[79.940249,12.9456177],[79.9402513,12.9456922]]]},"properties":{"ulpin":"TF2CEHD6269C52","survey_no":"247","sub_division":null,"state":"TN","village":"Sriperumbudur (R)","land_use":"commercial","zone_code":"R1","area_sqm":116.67,"owner_name":"Selvam Kandasamy","ownership_type":"patta","story":null,"s2_label":"no_significant_change"}},{"type":"Feature","geometry":{"type":"Polygon","coordinates":[[[79.940249,12.9456177],[79.9403773,12.9456152],[79.9403768,12.9455044],[79.9402454,12.9455009],[79.940249,12.9456177]]]},"properties":{"ulpin":"TF2CEHD54C8AC7","survey_no":"254/2","sub_division":"2","state":"TN","village":"Sriperumbudur (R)","land_use":"residential","zone_code":"R1","area_sqm":177.26,"owner_name":"Kamala Srinivasan","ownership_type":"patta","story":null,"s2_label":"no_significant_change"}},{"type":"Feature","geometry":{"type":"Polygon","coordinates":[[[79.9403768,12.9455044],[79.9403776,12.9456934],[79.9404716,12.9456942],[79.9404688,12.9455068],[79.9403768,12.9455044]]]},"properties":{"ulpin":"TF2CEHDFE36D35","survey_no":"254/4A","sub_division":"4A","state":"TN","village":"Sriperumbudur (R)","land_use":"commercial","zone_code":"R1","area_sqm":209.98,"owner_name":"Duraisamy Annamalai","ownership_type":"patta","story":null,"s2_label":"no_significant_change"}},{"type":"Feature","geometry":{"type":"Polygon","coordinates":[[[79.9401008,12.9455004],[79.9402454,12.9455023],[79.9402435,12.9454414],[79.9400964,12.9454397],[79.9401008,12.9455004]]]},"properties":{"ulpin":"TF2CEHD50346F4","survey_no":"253/1","sub_division":"1","state":"TN","village":"Sriperumbudur (R)","land_use":"residential","zone_code":"R1","area_sqm":106.4,"owner_name":"Kannan Ramalingam","ownership_type":"patta","story":null,"s2_label":"no_significant_change"}},{"type":"Feature","geometry":{"type":"Polygon","coordinates":[[[79.9400964,12.9454397],[79.9402435,12.9454414],[79.9402407,12.9453522],[79.9400904,12.9453557],[79.9400964,12.9454397]]]},"properties":{"ulpin":"TF2CEHD3462FDD","survey_no":"252","sub_division":null,"state":"TN","village":"Sriperumbudur (R)","land_use":"residential","zone_code":"R1","area_sqm":154.49,"owner_name":"Balhaar Thaman","ownership_type":"patta","story":null,"s2_label":"no_significant_change"}},{"type":"Feature","geometry":{"type":"Polygon","coordinates":[[[79.94,12.9453578],[79.94,12.94545],[79.94,12.9454991],[79.9401008,12.9455004],[79.9400904,12.9453557],[79.94,12.9453578]]]},"properties":{"ulpin":"TF2CEHD4326F9D","survey_no":"251/2","sub_division":"2","state":"TN","village":"Sriperumbudur (R)","land_use":"residential","zone_code":"R1","area_sqm":164.03,"owner_name":"Triveni Dewan","ownership_type":"patta","story":null,"s2_label":"no_significant_change"}},{"type":"Feature","geometry":{"type":"Polygon","coordinates":[[[79.94,12.9455765],[79.9401171,12.9455833],[79.9401222,12.9455007],[79.94,12.9454991],[79.94,12.9455765]]]},"properties":{"ulpin":"TF2CEHD4730F33","survey_no":"251/3","sub_division":"3","state":"TN","village":"Sriperumbudur (R)","land_use":"residential","zone_code":"R1","area_sqm":115.04,"owner_name":"Jeremiah Deep","ownership_type":"patta","story":null,"s2_label":"no_significant_change"}},{"type":"Feature","geometry":{"type":"Polygon","coordinates":[[[79.94,12.9456901],[79.9401106,12.945691],[79.9401171,12.9455833],[79.94,12.9455765],[79.94,12.9456901]]]},"properties":{"ulpin":"TF2CEHD2B65FA6","survey_no":"245/2B","sub_division":"2B","state":"TN","village":"Sriperumbudur (R)","land_use":"residential","zone_code":"R1","area_sqm":151.28,"owner_name":"Rajendran Venkatesan","ownership_type":"patta","story":null,"s2_label":"no_significant_change"}},{"type":"Feature","geometry":{"type":"Polygon","coordinates":[[[79.9401106,12.945691],[79.9402513,12.9456922],[79.9402488,12.9456096],[79.9401159,12.9456039],[79.9401106,12.945691]]]},"properties":{"ulpin":"TF2CEHD57DC0B0","survey_no":"245/5","sub_division":"5","state":"TN","village":"Sriperumbudur (R)","land_use":"residential","zone_code":"R1","area_sqm":139.39,"owner_name":"Rajeshri Wable","ownership_type":"patta","story":null,"s2_label":"no_significant_change"}},{"type":"Feature","geometry":{"type":"Polygon","coordinates":[[[79.9401222,12.9455007],[79.9401159,12.9456039],[79.9402488,12.9456096],[79.9402454,12.9455023],[79.9401222,12.9455007]]]},"properties":{"ulpin":"TF2CEHDF46E91D","survey_no":"253/2","sub_division":"2","state":"TN","village":"Sriperumbudur (R)","land_use":"residential","zone_code":"R1","area_sqm":161.76,"owner_name":"Tamilselvan Govindarajan","ownership_type":"patta","story":null,"s2_label":"no_significant_change"}},{"type":"Feature","geometry":{"type":"Polygon","coordinates":[[[79.9404891,12.9458979],[79.940483,12.9460167],[79.9406042,12.9460238],[79.9406131,12.9459056],[79.9404891,12.9458979]]]},"properties":{"ulpin":"TF2CEHD569F9B3","survey_no":"239/5","sub_division":"5","state":"TN","village":"Sriperumbudur (R)","land_use":"residential","zone_code":"R1","area_sqm":174.91,"owner_name":"Thirumalai Balakrishnan","ownership_type":"patta","story":null,"s2_label":"no_significant_change"}},{"type":"Feature","geometry":{"type":"Polygon","coordinates":[[[79.9406131,12.9459056],[79.9406042,12.9460238],[79.9407473,12.9460321],[79.9407497,12.9459142],[79.9406131,12.9459056]]]},"properties":{"ulpin":"TF2CEHEEFC7AE4","survey_no":"240","sub_division":null,"state":"TN","village":"Sriperumbudur (R)","land_use":"residential","zone_code":"R1","area_sqm":198.57,"owner_name":"Thirumalai Subramanian","ownership_type":"patta","story":null,"s2_label":"no_significant_change"}},{"type":"Feature","geometry":{"type":"Polygon","coordinates":[[[79.9406111,12.946087],[79.9407459,12.9460985],[79.9407473,12.9460321],[79.9406138,12.9460243],[79.9406111,12.946087]]]},"properties":{"ulpin":"TF2CEHG414CD90","survey_no":"241/1","sub_division":"1","state":"TN","village":"Sriperumbudur (R)","land_use":"commercial","zone_code":"C1","area_sqm":104.11,"owner_name":"Ilango Venkatesan","ownership_type":"patta","story":null,"s2_label":"no_significant_change"}},{"type":"Feature","geometry":{"type":"Polygon","coordinates":[[[79.9406071,12.946182],[79.9406634,12.9461855],[79.940744,12.9461903],[79.9407459,12.9460985],[79.9406111,12.946087],[79.9406071,12.946182]]]},"properties":{"ulpin":"TF2CEHGE6DC1C5","survey_no":"239/6","sub_division":"6","state":"TN","village":"Sriperumbudur (R)","land_use":"commercial","zone_code":"C1","area_sqm":152.63,"owner_name":"Yashica Sen","ownership_type":"joint","story":null,"s2_label":"no_significant_change"}},{"type":"Feature","geometry":{"type":"Polygon","coordinates":[[[79.940483,12.9460167],[79.9404751,12.9461738],[79.9404935,12.946175],[79.9406071,12.946182],[79.9406138,12.9460243],[79.940483,12.9460167]]]},"properties":{"ulpin":"TF2CEHF08BFC17","survey_no":"239/4","sub_division":"4","state":"TN","village":"Sriperumbudur (R)","land_use":"commercial","zone_code":"C1","area_sqm":248.91,"owner_name":"Imaran Dugar","ownership_type":"patta","story":null,"s2_label":"no_significant_change"}},{"type":"Feature","geometry":{"type":"Polygon","coordinates":[[[79.9406501,12.945908],[79.9407497,12.9459142],[79.9407517,12.9458166],[79.9406474,12.9458167],[79.9406501,12.945908]]]},"properties":{"ulpin":"TF2CEHEC42E6FA","survey_no":"250/1","sub_division":"1","state":"TN","village":"Sriperumbudur (R)","land_use":"residential","zone_code":"R1","area_sqm":115.45,"owner_name":"Palaniappan Sekar","ownership_type":"joint","story":null,"s2_label":"no_significant_change"}},{"type":"Feature","geometry":{"type":"Polygon","coordinates":[[[79.9406474,12.9458167],[79.9407517,12.9458166],[79.9407541,12.9456966],[79.9406437,12.9456957],[79.9406474,12.9458167]]]},"properties":{"ulpin":"TF2CEHE3776AA3","survey_no":"249/3B","sub_division":"3B","state":"TN","village":"Sriperumbudur (R)","land_use":"residential","zone_code":"R1","area_sqm":155.31,"owner_name":"Duraisamy Balakrishnan","ownership_type":"patta","story":null,"s2_label":"no_significant_change"}},{"type":"Feature","geometry":{"type":"Polygon","coordinates":[[[79.9404932,12.9458173],[79.9406475,12.9458212],[79.9406437,12.9456957],[79.9404994,12.9456944],[79.9404932,12.9458173]]]},"properties":{"ulpin":"TF2CEHDDA00413","survey_no":"249/2","sub_division":"2","state":"TN","village":"Sriperumbudur (R)","land_use":"residential","zone_code":"R1","area_sqm":222.48,"owner_name":"Ramasamy Raman","ownership_type":"patta","story":null,"s2_label":"no_significant_change"}},{"type":"Feature","geometry":{"type":"Polygon","coordinates":[[[79.9404891,12.9458979],[79.9406501,12.945908],[79.9406475,12.9458212],[79.9404932,12.9458173],[79.9404891,12.9458979]]]},"properties":{"ulpin":"TF2CEHD64030A1","survey_no":"249/3A","sub_division":"3A","state":"TN","village":"Sriperumbudur (R)","land_use":"residential","zone_code":"R1","area_sqm":158.45,"owner_name":"Eiravati Ganesan","ownership_type":"patta","story":null,"s2_label":"no_significant_change"}},{"type":"Feature","geometry":{"type":"Polygon","coordinates":[[[79.9410549,12.9456993],[79.940988,12.9456987],[79.9409934,12.9458454],[79.941055,12.9458473],[79.9410548,12.945718],[79.9410548,12.9457176],[79.9410549,12.9456993]]]},"properties":{"ulpin":"TF2CEHEA53FE93","survey_no":"251/1","sub_division":"1","state":"TN","village":"Sriperumbudur (R)","land_use":"residential","zone_code":"R1","area_sqm":113.44,"owner_name":"Adweta Brahmbhatt","ownership_type":"joint","story":null,"s2_label":"no_significant_change"}},{"type":"Feature","geometry":{"type":"Polygon","coordinates":[[[79.9408996,12.9456979],[79.9409051,12.9458426],[79.9409934,12.9458454],[79.940988,12.9456987],[79.9408996,12.9456979]]]},"properties":{"ulpin":"TF2CEHE73ADE54","survey_no":"250/6","sub_division":"6","state":"TN","village":"Sriperumbudur (R)","land_use":"residential","zone_code":"R1","area_sqm":154.4,"owner_name":"Kannan Govindarajan","ownership_type":"patta","story":null,"s2_label":"no_significant_change"}},{"type":"Feature","geometry":{"type":"Polygon","coordinates":[[[79.9407512,12.9458378],[79.9408198,12.9458399],[79.9408272,12.9456973],[79.9407541,12.9456966],[79.9407512,12.9458378]]]},"properties":{"ulpin":"TF2CEHE47B1516","survey_no":"250/3","sub_division":"3","state":"TN","village":"Sriperumbudur (R)","land_use":"residential","zone_code":"R1","area_sqm":120.62,"owner_name":"Meenakshi Annamalai","ownership_type":"patta","story":null,"s2_label":"no_significant_change"}},{"type":"Feature","geometry":{"type":"Polygon","coordinates":[[[79.9409051,12.9458426],[79.9408996,12.9456979],[79.9408272,12.9456973],[79.9408198,12.9458399],[79.9409051,12.9458426]]]},"properties":{"ulpin":"TF2CEHE6397D9D","survey_no":"250/4","sub_division":"4","state":"TN","village":"Sriperumbudur (R)","land_use":"residential","zone_code":"R1","area_sqm":135.94,"owner_name":"Meenakshi Krishnan","ownership_type":"patta","story":null,"s2_label":"no_significant_change"}},{"type":"Feature","geometry":{"type":"Polygon","coordinates":[[[79.941055,12.9458583],[79.941055,12.9458473],[79.9409859,12.9458452],[79.9409807,12.9460013],[79.9410568,12.9460045],[79.9410567,12.9459996],[79.9410567,12.9459991],[79.941055,12.9458588],[79.941055,12.9458583]]]},"properties":{"ulpin":"TF2CEHE6A94BC8","survey_no":"244/2","sub_division":"2","state":"TN","village":"Sriperumbudur (R)","land_use":"residential","zone_code":"R1","area_sqm":136.44,"owner_name":"Subramani Rathinam","ownership_type":"patta","story":null,"s2_label":"no_significant_change"}},{"type":"Feature","geometry":{"type":"Polygon","coordinates":[[[79.9408859,12.945842],[79.9408829,12.9459971],[79.9409807,12.9460013],[79.9409859,12.9458452],[79.9408859,12.945842]]]},"properties":{"ulpin":"TF2CEHEBC72205","survey_no":"243/2A","sub_division":"2A","state":"TN","village":"Sriperumbudur (R)","land_use":"residential","zone_code":"R1","area_sqm":184.82,"owner_name":"Ezhilarasan Kandasamy","ownership_type":"patta","story":null,"s2_label":"no_significant_change"}},{"type":"Feature","geometry":{"type":"Polygon","coordinates":[[[79.9407512,12.9458378],[79.9407481,12.9459914],[79.9408829,12.9459971],[79.9408859,12.945842],[79.9407512,12.9458378]]]},"properties":{"ulpin":"TF2CEHE8874FAB","survey_no":"241/2","sub_division":"2","state":"TN","village":"Sriperumbudur (R)","land_use":"residential","zone_code":"R1","area_sqm":249.79,"owner_name":"Chandran Subramanian","ownership_type":"patta","story":null,"s2_label":"no_significant_change"}},{"type":"Feature","geometry":{"type":"Polygon","coordinates":[[[79.9410602,12.9461405],[79.9410602,12.9461399],[79.9410593,12.9461061],[79.9408908,12.9460928],[79.9408817,12.9461984],[79.9410031,12.9462053],[79.9410628,12.9462085],[79.9410602,12.9461405]]]},"properties":{"ulpin":"TF2CEHGC8C5B29","survey_no":"243/2B","sub_division":"2B","state":"TN","village":"Sriperumbudur (R)","land_use":"commercial","zone_code":"C1","area_sqm":218.48,"owner_name":"Duraisamy Annamalai","ownership_type":"patta","story":null,"s2_label":"no_significant_change"}},{"type":"Feature","geometry":{"type":"Polygon","coordinates":[[[79.9410568,12.9460045],[79.940899,12.9459978],[79.9408908,12.9460928],[79.9410593,12.9461061],[79.9410568,12.9460045]]]},"properties":{"ulpin":"TF2CEHG4F14A3C","survey_no":"244/1","sub_division":"1","state":"TN","village":"Sriperumbudur (R)","land_use":"residential","zone_code":"C1","area_sqm":192.78,"owner_name":"Subramani Elumalai","ownership_type":"patta","story":null,"s2_label":"no_significant_change"}},{"type":"Feature","geometry":{"type":"Polygon","coordinates":[[[79.9407461,12.9460871],[79.940891,12.9460911],[79.940899,12.9459978],[79.9407481,12.9459914],[79.9407461,12.9460871]]]},"properties":{"ulpin":"TF2CEHG6668384","survey_no":"243/1","sub_division":"1","state":"TN","village":"Sriperumbudur (R)","land_use":"commercial","zone_code":"C1","area_sqm":167.95,"owner_name":"Revathi Sekar","ownership_type":"joint","story":null,"s2_label":"no_significant_change"}},{"type":"Feature","geometry":{"type":"Polygon","coordinates":[[[79.940744,12.9461903],[79.9408332,12.9461957],[79.9408817,12.9461984],[79.940891,12.9460911],[79.9407461,12.9460871],[79.940744,12.9461903]]]},"properties":{"ulpin":"TF2CEHGF6F4399","survey_no":"242","sub_division":null,"state":"TN","village":"Sriperumbudur (R)","land_use":"commercial","zone_code":"C1","area_sqm":178.89,"owner_name":"Janaki Sundaram","ownership_type":"joint","story":null,"s2_label":"no_significant_change"}},{"type":"Feature","geometry":{"type":"Polygon","coordinates":[[[79.9403427,12.9459435],[79.9403469,12.9458137],[79.9402319,12.9458161],[79.9402303,12.9459402],[79.9403427,12.9459435]]]},"properties":{"ulpin":"TF2CEHDD7AAD54","survey_no":"246/1","sub_division":"1","state":"TN","village":"Sriperumbudur (R)","land_use":"residential","zone_code":"R1","area_sqm":173.09,"owner_name":"Devansh Mand","ownership_type":"patta","story":null,"s2_label":"no_significant_change"}},{"type":"Feature","geometry":{"type":"Polygon","coordinates":[[[79.9403508,12.9456931],[79.9402336,12.9456921],[79.9402319,12.9458161],[79.9403469,12.9458137],[79.9403508,12.9456931]]]},"properties":{"ulpin":"TF2CEHDBE0CF5D","survey_no":"246/2","sub_division":"2","state":"TN","village":"Sriperumbudur (R)","land_use":"residential","zone_code":"R1","area_sqm":170.36,"owner_name":"Vetrivel Ramalingam","ownership_type":"patta","story":null,"s2_label":"no_significant_change"}},{"type":"Feature","geometry":{"type":"Polygon","coordinates":[[[79.9404994,12.9456944],[79.9403508,12.9456931],[79.9403473,12.9458014],[79.9404934,12.9458133],[79.9404994,12.9456944]]]},"properties":{"ulpin":"TF2CEHDB8511BA","survey_no":"249/1","sub_division":"1","state":"TN","village":"Sriperumbudur (R)","land_use":"commercial","zone_code":"R1","area_sqm":201.05,"owner_name":"Bhavna Nagy","ownership_type":"patta","story":null,"s2_label":"no_significant_change"}},{"type":"Feature","geometry":{"type":"Polygon","coordinates":[[[79.9404934,12.9458133],[79.9403473,12.9458014],[79.9403427,12.9459435],[79.9404865,12.9459477],[79.9404934,12.9458133]]]},"properties":{"ulpin":"TF2CEHD1A72F56","survey_no":"248","sub_division":null,"state":"TN","village":"Sriperumbudur (R)","land_use":"residential","zone_code":"R1","area_sqm":241.03,"owner_name":"Tamilarasi Natarajan","ownership_type":"patta","story":null,"s2_label":"no_significant_change"}},{"type":"Feature","geometry":{"type":"Polygon","coordinates":[[[79.94,12.9459334],[79.9400978,12.9459363],[79.9401081,12.9457883],[79.94,12.9457837],[79.94,12.9459],[79.94,12.9459334]]]},"properties":{"ulpin":"TF2CEHD9C75B77","survey_no":"245/1","sub_division":"1","state":"TN","village":"Sriperumbudur (R)","land_use":"residential","zone_code":"R1","area_sqm":183.99,"owner_name":"Kamala Rathinam","ownership_type":"patta","story":null,"s2_label":"no_significant_change"}},{"type":"Feature","geometry":{"type":"Polygon","coordinates":[[[79.9402303,12.9459402],[79.9402322,12.9457937],[79.9401081,12.9457883],[79.9400978,12.9459363],[79.9402303,12.9459402]]]},"properties":{"ulpin":"TF2CEHDB2C971C","survey_no":"245/3","sub_division":"3","state":"TN","village":"Sriperumbudur (R)","land_use":"residential","zone_code":"R1","area_sqm":227.06,"owner_name":"Ramasamy Raman","ownership_type":"patta","story":null,"s2_label":"no_significant_change"}},{"type":"Feature","geometry":{"type":"Polygon","coordinates":[[[79.9402322,12.9457937],[79.9402336,12.9456921],[79.9401056,12.945691],[79.940108,12.9457883],[79.9402322,12.9457937]]]},"properties":{"ulpin":"TF2CEHDE40DFA0","survey_no":"245/4","sub_division":"4","state":"TN","village":"Sriperumbudur (R)","land_use":"residential","zone_code":"R1","area_sqm":150.47,"owner_name":"Meenakshi Perumal","ownership_type":"patta","story":null,"s2_label":"no_significant_change"}},{"type":"Feature","geometry":{"type":"Polygon","coordinates":[[[79.940108,12.9457883],[79.9401056,12.945691],[79.94,12.9456901],[79.94,12.9457837],[79.940108,12.9457883]]]},"properties":{"ulpin":"TF2CEHD908AF37","survey_no":"245/2A","sub_division":"2A","state":"TN","village":"Sriperumbudur (R)","land_use":"residential","zone_code":"R1","area_sqm":122.34,"owner_name":"Harini D\u2019Alia","ownership_type":"patta","story":null,"s2_label":"no_significant_change"}},{"type":"Feature","geometry":{"type":"Polygon","coordinates":[[[79.9404812,12.9460532],[79.94037,12.9460524],[79.9403747,12.9461675],[79.9404751,12.9461738],[79.9404812,12.9460532]]]},"properties":{"ulpin":"TF2CEHF7D4C535","survey_no":"239/2","sub_division":"2","state":"TN","village":"Sriperumbudur (R)","land_use":"commercial","zone_code":"C1","area_sqm":149.58,"owner_name":"Selvam Perumal","ownership_type":"patta","story":null,"s2_label":"no_significant_change"}},{"type":"Feature","geometry":{"type":"Polygon","coordinates":[[[79.9402786,12.9460519],[79.940278,12.9461613],[79.9403236,12.9461642],[79.9403747,12.9461675],[79.94037,12.9460524],[79.9402786,12.9460519]]]},"properties":{"ulpin":"TF2CEHFBEEDF4E","survey_no":"238/5","sub_division":"5","state":"TN","village":"Sriperumbudur (R)","land_use":"commercial","zone_code":"C1","area_sqm":126.58,"owner_name":"Kannan Balakrishnan","ownership_type":"patta","story":null,"s2_label":"no_significant_change"}},{"type":"Feature","geometry":{"type":"Polygon","coordinates":[[[79.9403954,12.945945],[79.940394,12.9460526],[79.9404812,12.9460532],[79.9404865,12.9459477],[79.9403954,12.945945]]]},"properties":{"ulpin":"TF2CEHD13272FD","survey_no":"239/3","sub_division":"3","state":"TN","village":"Sriperumbudur (R)","land_use":"commercial","zone_code":"C1","area_sqm":114.07,"owner_name":"Bharathi Sundaram","ownership_type":"patta","story":null,"s2_label":"no_significant_change"}},{"type":"Feature","geometry":{"type":"Polygon","coordinates":[[[79.9402792,12.9459416],[79.9402786,12.9460519],[79.940394,12.9460526],[79.9403954,12.945945],[79.9402792,12.9459416]]]},"properties":{"ulpin":"TF2CEHD7D56FE5","survey_no":"239/1","sub_division":"1","state":"TN","village":"Sriperumbudur (R)","land_use":"commercial","zone_code":"C1","area_sqm":151.37,"owner_name":"Shanmugam Subramanian","ownership_type":"patta","story":null,"s2_label":"no_significant_change"}},{"type":"Feature","geometry":{"type":"Polygon","coordinates":[[[79.94,12.946067],[79.9401154,12.9460693],[79.9401106,12.9459366],[79.94,12.9459334],[79.94,12.946067]]]},"properties":{"ulpin":"TF2CEHD83E912A","survey_no":"238/1","sub_division":"1","state":"TN","village":"Sriperumbudur (R)","land_use":"commercial","zone_code":"C1","area_sqm":180.41,"owner_name":"Tanish Mahajan","ownership_type":"patta","story":null,"s2_label":"no_significant_change"}},{"type":"Feature","geometry":{"type":"Polygon","coordinates":[[[79.94,12.9461888],[79.940003,12.9461437],[79.9401184,12.9461511],[79.9401154,12.9460693],[79.94,12.946067],[79.94,12.9461888]]]},"properties":{"ulpin":"TF2CEHF14DC2B4","survey_no":"238/2","sub_division":"2","state":"TN","village":"Sriperumbudur (R)","land_use":"commercial","zone_code":"C1","area_sqm":111.76,"owner_name":"Rachit Kothari","ownership_type":"patta","story":null,"s2_label":"no_significant_change"}},{"type":"Feature","geometry":{"type":"Polygon","coordinates":[[[79.9402786,12.9460441],[79.9401142,12.946037],[79.9401184,12.9461511],[79.9401536,12.9461533],[79.940278,12.9461613],[79.9402786,12.9460441]]]},"properties":{"ulpin":"TF2CEHFA4ADA6E","survey_no":"238/4","sub_division":"4","state":"TN","village":"Sriperumbudur (R)","land_use":"commercial","zone_code":"C1","area_sqm":224.53,"owner_name":"Falan Mistry","ownership_type":"patta","story":null,"s2_label":"no_significant_change"}},{"type":"Feature","geometry":{"type":"Polygon","coordinates":[[[79.9402792,12.9459416],[79.9401106,12.9459366],[79.9401142,12.946037],[79.9402786,12.9460441],[79.9402792,12.9459416]]]},"properties":{"ulpin":"TF2CEHD6952DB9","survey_no":"238/3","sub_division":"3","state":"TN","village":"Sriperumbudur (R)","land_use":"commercial","zone_code":"C1","area_sqm":202.54,"owner_name":"Kannan Chidambaram","ownership_type":"patta","story":null,"s2_label":"no_significant_change"}},{"type":"Feature","geometry":{"type":"Polygon","coordinates":[[[79.9430426,12.945455],[79.9430505,12.945],[79.9427518,12.945],[79.9427347,12.9454399],[79.9430426,12.945455]]]},"properties":{"ulpin":"TF2CEHS90D4442","survey_no":"353","sub_division":null,"state":"TN","village":"Sriperumbudur (R)","land_use":"residential","zone_code":"R2","area_sqm":1629.54,"owner_name":"Revathi Perumal","ownership_type":"patta","story":null,"s2_label":"no_significant_change"}},{"type":"Feature","geometry":{"type":"Polygon","coordinates":[[[79.9426123,12.9454339],[79.9426232,12.945318],[79.942529,12.9453088],[79.9425188,12.9454293],[79.9426123,12.9454339]]]},"properties":{"ulpin":"TF2CEHSA4343B9","survey_no":"348/2","sub_division":"2","state":"TN","village":"Sriperumbudur (R)","land_use":"residential","zone_code":"R1","area_sqm":133.99,"owner_name":"Umang Sura","ownership_type":"patta","story":null,"s2_label":"no_significant_change"}},{"type":"Feature","geometry":{"type":"Polygon","coordinates":[[[79.9427347,12.9454399],[79.942739,12.9453294],[79.9426232,12.945318],[79.9426123,12.9454339],[79.9427347,12.9454399]]]},"properties":{"ulpin":"TF2CEHS8C7DFFB","survey_no":"348/4","sub_division":"4","state":"TN","village":"Sriperumbudur (R)","land_use":"residential","zone_code":"R1","area_sqm":162.53,"owner_name":"Tamilselvan Elumalai","ownership_type":"patta","story":null,"s2_label":"no_significant_change"}},{"type":"Feature","geometry":{"type":"Polygon","coordinates":[[[79.9425373,12.9452102],[79.942529,12.9453088],[79.942739,12.9453294],[79.9427428,12.9452306],[79.9425373,12.9452102]]]},"properties":{"ulpin":"TF2CEHS7DC68A3","survey_no":"352/3A","sub_division":"3A","state":"TN","village":"Sriperumbudur (R)","land_use":"commercial","zone_code":"R1","area_sqm":247.49,"owner_name":"Saravanan Srinivasan","ownership_type":"patta","story":null,"s2_label":"no_significant_change"}},{"type":"Feature","geometry":{"type":"Polygon","coordinates":[[[79.9427428,12.9452306],[79.9427481,12.9450957],[79.9426663,12.9450927],[79.942655,12.9452219],[79.9427428,12.9452306]]]},"properties":{"ulpin":"TF2CEHS69290D4","survey_no":"352/3B","sub_division":"3B","state":"TN","village":"Sriperumbudur (R)","land_use":"residential","zone_code":"R1","area_sqm":135.01,"owner_name":"Janaki Natarajan","ownership_type":"patta","story":null,"s2_label":"no_significant_change"}},{"type":"Feature","geometry":{"type":"Polygon","coordinates":[[[79.942655,12.9452219],[79.9426663,12.9450927],[79.9425476,12.9450884],[79.9425373,12.9452102],[79.942655,12.9452219]]]},"properties":{"ulpin":"TF2CEHS953C712","survey_no":"352/2","sub_division":"2","state":"TN","village":"Sriperumbudur (R)","land_use":"residential","zone_code":"R1","area_sqm":178.95,"owner_name":"Thilagam Govindarajan","ownership_type":"patta","story":null,"s2_label":"no_significant_change"}},{"type":"Feature","geometry":{"type":"Polygon","coordinates":[[[79.94275,12.945],[79.9425551,12.945],[79.9425476,12.9450884],[79.9427481,12.9450957],[79.9427518,12.945],[79.94275,12.945]]]},"properties":{"ulpin":"TF2CEHS736225E","survey_no":"355/2","sub_division":"2","state":"TN","village":"Sriperumbudur (R)","land_use":"residential","zone_code":"R1","area_sqm":219.49,"owner_name":"Tamilarasi Kandasamy","ownership_type":"patta","story":null,"s2_label":"no_significant_change"}},{"type":"Feature","geometry":{"type":"Polygon","coordinates":[[[79.942417,12.945117],[79.9425452,12.9451172],[79.9425551,12.945],[79.9424207,12.945],[79.942417,12.945117]]]},"properties":{"ulpin":"TF2CEHSEFE4554","survey_no":"355/1","sub_division":"1","state":"TN","village":"Sriperumbudur (R)","land_use":"residential","zone_code":"R1","area_sqm":184.42,"owner_name":"Bharathi Balakrishnan","ownership_type":"patta","story":null,"s2_label":"no_significant_change"}},{"type":"Feature","geometry":{"type":"Polygon","coordinates":[[[79.9424134,12.9452301],[79.9425355,12.9452316],[79.9425452,12.9451172],[79.942417,12.945117],[79.9424134,12.9452301]]]},"properties":{"ulpin":"TF2CEHSE2B467D","survey_no":"352/1","sub_division":"1","state":"TN","village":"Sriperumbudur (R)","land_use":"residential","zone_code":"R1","area_sqm":170.83,"owner_name":"Revathi Ramalingam","ownership_type":"joint","story":null,"s2_label":"no_significant_change"}},{"type":"Feature","geometry":{"type":"Polygon","coordinates":[[[79.9422934,12.945],[79.9423441,12.9450012],[79.9423382,12.9452291],[79.9424134,12.9452301],[79.9424207,12.945],[79.9422934,12.945]]]},"properties":{"ulpin":"TF2CEHSF458ECD","survey_no":"351/1","sub_division":"1","state":"TN","village":"Sriperumbudur (R)","land_use":"residential","zone_code":"R1","area_sqm":209.56,"owner_name":"Saravanan Ramalingam","ownership_type":"patta","story":null,"s2_label":"no_significant_change"}},{"type":"Feature","geometry":{"type":"Polygon","coordinates":[[[79.9425355,12.9452316],[79.9423382,12.9452291],[79.942336,12.9453177],[79.9425272,12.9453304],[79.9425355,12.9452316]]]},"properties":{"ulpin":"TF2CEHS5DB625C","survey_no":"351/2","sub_division":"2","state":"TN","village":"Sriperumbudur (R)","land_use":"residential","zone_code":"R1","area_sqm":218.83,"owner_name":"Vetrivel Natarajan","ownership_type":"joint","story":null,"s2_label":"no_significant_change"}},{"type":"Feature","geometry":{"type":"Polygon","coordinates":[[[79.9425272,12.9453304],[79.942336,12.9453177],[79.9423354,12.945338],[79.9423336,12.9454202],[79.9425188,12.9454293],[79.9425272,12.9453304]]]},"properties":{"ulpin":"TF2CEHS36C2609","survey_no":"347","sub_division":null,"state":"TN","village":"Sriperumbudur (R)","land_use":"residential","zone_code":"R1","area_sqm":228.07,"owner_name":"Gopal Krishnamurthy","ownership_type":"patta","story":null,"s2_label":"no_significant_change"}},{"type":"Feature","geometry":{"type":"Polygon","coordinates":[[[79.9425564,12.945619],[79.9425703,12.9454318],[79.9424393,12.9454254],[79.9424338,12.9456121],[79.9425564,12.945619]]]},"properties":{"ulpin":"TF2CEHS77C589B","survey_no":"348/1","sub_division":"1","state":"TN","village":"Sriperumbudur (R)","land_use":"residential","zone_code":"R1","area_sqm":285.17,"owner_name":"Karthik Raman","ownership_type":"patta","story":null,"s2_label":"no_significant_change"}},{"type":"Feature","geometry":{"type":"Polygon","coordinates":[[[79.9424338,12.9456121],[79.9424393,12.9454254],[79.9423336,12.9454202],[79.9423295,12.9456063],[79.9424338,12.9456121]]]},"properties":{"ulpin":"TF2CEHS5C9D637","survey_no":"346/3","sub_division":"3","state":"TN","village":"Sriperumbudur (R)","land_use":"residential","zone_code":"R1","area_sqm":235.21,"owner_name":"Bhuvaneswari Sekar","ownership_type":"patta","story":null,"s2_label":"no_significant_change"}},{"type":"Feature","geometry":{"type":"Polygon","coordinates":[[[79.9423262,12.9457526],[79.9425466,12.9457507],[79.9425564,12.945619],[79.9423295,12.9456063],[79.9423262,12.9457526]]]},"properties":{"ulpin":"TF2CEHS2274B87","survey_no":"342/4","sub_division":"4","state":"TN","village":"Sriperumbudur (R)","land_use":"residential","zone_code":"R1","area_sqm":373.56,"owner_name":"Bharathi Rathinam","ownership_type":"patta","story":null,"s2_label":"no_significant_change"}},{"type":"Feature","geometry":{"type":"Polygon","coordinates":[[[79.942747,12.9457489],[79.9427562,12.945587],[79.942658,12.9455866],[79.9426654,12.9457497],[79.942747,12.9457489]]]},"properties":{"ulpin":"TF2CEHS48E4D7C","survey_no":"344/2B","sub_division":"2B","state":"TN","village":"Sriperumbudur (R)","land_use":"residential","zone_code":"R2","area_sqm":175.34,"owner_name":"Anvi Patla","ownership_type":"patta","story":null,"s2_label":"no_significant_change"}},{"type":"Feature","geometry":{"type":"Polygon","coordinates":[[[79.9426654,12.9457497],[79.942658,12.9455866],[79.9425588,12.9455863],[79.9425466,12.9457507],[79.9426654,12.9457497]]]},"properties":{"ulpin":"TF2CEHSBACE340","survey_no":"344/2A","sub_division":"2A","state":"TN","village":"Sriperumbudur (R)","land_use":"residential","zone_code":"R1","area_sqm":214.13,"owner_name":"Ganesan Venkatesan","ownership_type":"patta","story":null,"s2_label":"no_significant_change"}},{"type":"Feature","geometry":{"type":"Polygon","coordinates":[[[79.9425703,12.9454318],[79.9425588,12.9455863],[79.9427562,12.945587],[79.9427645,12.9454413],[79.9425703,12.9454318]]]},"properties":{"ulpin":"TF2CEHS7337FD6","survey_no":"348/3","sub_division":"3","state":"TN","village":"Sriperumbudur (R)","land_use":"residential","zone_code":"R1","area_sqm":353.1,"owner_name":"Amol Mahajan","ownership_type":"patta","story":null,"s2_label":"no_significant_change"}},{"type":"Feature","geometry":{"type":"Polygon","coordinates":[[[79.9430375,12.9457464],[79.9430426,12.945455],[79.9427645,12.9454413],[79.942747,12.9457489],[79.9430375,12.9457464]]]},"properties":{"ulpin":"TF2CEHS02D5F3A","survey_no":"348/5","sub_division":"5","state":"TN","village":"Sriperumbudur (R)","land_use":"residential","zone_code":"R2","area_sqm":1022.49,"owner_name":"Murugan Balakrishnan","ownership_type":"patta","story":null,"s2_label":"no_significant_change"}},{"type":"Feature","geometry":{"type":"Polygon","coordinates":[[[79.9423622,12.9462552],[79.9425322,12.9462576],[79.9426225,12.9462585],[79.9426218,12.9460094],[79.942321,12.9460239],[79.9423167,12.9462543],[79.9423622,12.9462552]]]},"properties":{"ulpin":"TF2CEHUC5656F3","survey_no":"339","sub_division":null,"state":"TN","village":"Sriperumbudur (R)","land_use":"commercial","zone_code":"C1","area_sqm":873.56,"owner_name":"Chanakya Agrawal","ownership_type":"patta","story":null,"s2_label":"no_significant_change"}},{"type":"Feature","geometry":{"type":"Polygon","coordinates":[[[79.9425446,12.9460131],[79.9425405,12.9458918],[79.9424659,12.9458933],[79.9424632,12.946017],[79.9425446,12.9460131]]]},"properties":{"ulpin":"TF2CEHSED2E636","survey_no":"340/1","sub_division":"1","state":"TN","village":"Sriperumbudur (R)","land_use":"residential","zone_code":"R1","area_sqm":114.67,"owner_name":"Gram Panchayat, Sriperumbudur (R)","ownership_type":"govt","story":null,"s2_label":"no_significant_change"}},{"type":"Feature","geometry":{"type":"Polygon","coordinates":[[[79.9426215,12.9458901],[79.9426211,12.94575],[79.9425498,12.9457507],[79.9425547,12.9458915],[79.9426215,12.9458901]]]},"properties":{"ulpin":"TF2CEHS79DD32F","survey_no":"344/1","sub_division":"1","state":"TN","village":"Sriperumbudur (R)","land_use":"residential","zone_code":"R1","area_sqm":116.4,"owner_name":"Jagrati Nair","ownership_type":"patta","story":null,"s2_label":"no_significant_change"}},{"type":"Feature","geometry":{"type":"Polygon","coordinates":[[[79.9425547,12.9458915],[79.9425498,12.9457507],[79.9424689,12.9457514],[79.9424659,12.9458933],[79.9425547,12.9458915]]]},"properties":{"ulpin":"TF2CEHS8E6CE69","survey_no":"343","sub_division":null,"state":"TN","village":"Sriperumbudur (R)","land_use":"commercial","zone_code":"R1","area_sqm":143.88,"owner_name":"Thilagam Ramalingam","ownership_type":"patta","story":null,"s2_label":"no_significant_change"}},{"type":"Feature","geometry":{"type":"Polygon","coordinates":[[[79.9423247,12.9458223],[79.9424673,12.9458273],[79.9424689,12.9457514],[79.9423262,12.9457526],[79.9423248,12.9458171],[79.9423247,12.9458223]]]},"properties":{"ulpin":"TF2CEHS2F64444","survey_no":"342/3","sub_division":"3","state":"TN","village":"Sriperumbudur (R)","land_use":"residential","zone_code":"R1","area_sqm":124.63,"owner_name":"Karthik Chidambaram","ownership_type":"patta","story":null,"s2_label":"no_significant_change"}},{"type":"Feature","geometry":{"type":"Polygon","coordinates":[[[79.9423231,12.945911],[79.9424655,12.9459111],[79.9424673,12.9458273],[79.9423247,12.9458223],[79.9423231,12.945911]]]},"properties":{"ulpin":"TF2CEHS160D877","survey_no":"342/2","sub_division":"2","state":"TN","village":"Sriperumbudur (R)","land_use":"residential","zone_code":"R1","area_sqm":147.57,"owner_name":"Selvi Govindarajan","ownership_type":"patta","story":null,"s2_label":"no_significant_change"}},{"type":"Feature","geometry":{"type":"Polygon","coordinates":[[[79.9424632,12.946017],[79.9424655,12.9459111],[79.9423857,12.945911],[79.9423897,12.9460206],[79.9424632,12.946017]]]},"properties":{"ulpin":"TF2CEHSEFC096C","survey_no":"338","sub_division":null,"state":"TN","village":"Sriperumbudur (R)","land_use":"residential","zone_code":"R1","area_sqm":99.11,"owner_name":"Velu Natarajan","ownership_type":"patta","story":null,"s2_label":"no_significant_change"}},{"type":"Feature","geometry":{"type":"Polygon","coordinates":[[[79.9423897,12.9460206],[79.9423857,12.945911],[79.9423231,12.945911],[79.942321,12.9460239],[79.9423897,12.9460206]]]},"properties":{"ulpin":"TF2CEHSBF6F7A3","survey_no":"337","sub_division":null,"state":"TN","village":"Sriperumbudur (R)","land_use":"residential","zone_code":"R1","area_sqm":87.67,"owner_name":"Amudha Annamalai","ownership_type":"patta","story":null,"s2_label":"no_significant_change"}},{"type":"Feature","geometry":{"type":"Polygon","coordinates":[[[79.9430375,12.9457464],[79.9426211,12.94575],[79.9426219,12.9460231],[79.943033,12.9460091],[79.9430375,12.9457464]]]},"properties":{"ulpin":"TF2CEHSEC3D898","survey_no":"344/3","sub_division":"3","state":"TN","village":"Sriperumbudur (R)","land_use":"residential","zone_code":"R2","area_sqm":1329.72,"owner_name":"Ponni Srinivasan","ownership_type":"patta","story":null,"s2_label":"no_significant_change"}},{"type":"Feature","geometry":{"type":"Polygon","coordinates":[[[79.9428724,12.9462604],[79.9430286,12.9462608],[79.943033,12.9460091],[79.9426219,12.9460231],[79.9426225,12.9462585],[79.9427023,12.9462593],[79.9428724,12.9462604]]]},"properties":{"ulpin":"TF2CEHUE72DF85","survey_no":"340/2","sub_division":"2","state":"TN","village":"Sriperumbudur (R)","land_use":"residential","zone_code":"C1","area_sqm":1195.53,"owner_name":"Waida Bava","ownership_type":"joint","story":null,"s2_label":"no_significant_change"}},{"type":"Feature","geometry":{"type":"Polygon","coordinates":[[[79.9439247,12.9455894],[79.9439247,12.9455891],[79.9439249,12.9454487],[79.9439249,12.9454485],[79.943925,12.9454232],[79.9435501,12.9454116],[79.9435352,12.9457074],[79.9439254,12.9457049],[79.9439247,12.9455894]]]},"properties":{"ulpin":"TF2CEHT120A33D","survey_no":"350/2","sub_division":"2","state":"TN","village":"Sriperumbudur (R)","land_use":"residential","zone_code":"R2","area_sqm":1324.74,"owner_name":"Mohammed Rajagopal","ownership_type":"patta","story":null,"s2_label":"no_significant_change"}},{"type":"Feature","geometry":{"type":"Polygon","coordinates":[[[79.9439259,12.945308],[79.9439263,12.9452582],[79.9435588,12.9452389],[79.9435501,12.9454116],[79.943925,12.9454232],[79.9439259,12.9453081],[79.9439259,12.945308]]]},"properties":{"ulpin":"TF2CEHTCD66926","survey_no":"354/3A","sub_division":"3A","state":"TN","village":"Sriperumbudur (R)","land_use":"residential","zone_code":"R2","area_sqm":752.93,"owner_name":"Ilango Annamalai","ownership_type":"patta","story":null,"s2_label":"no_significant_change"}},{"type":"Feature","geometry":{"type":"Polygon","coordinates":[[[79.9439272,12.9451676],[79.9439283,12.9450273],[79.9439284,12.945],[79.94385,12.945],[79.9435709,12.945],[79.9435588,12.9452389],[79.9439263,12.9452582],[79.9439272,12.9451676]]]},"properties":{"ulpin":"TF2CEHT50C82A4","survey_no":"354/3B","sub_division":"3B","state":"TN","village":"Sriperumbudur (R)","land_use":"residential","zone_code":"R2","area_sqm":1082.08,"owner_name":"Finn Sastry","ownership_type":"patta","story":null,"s2_label":"no_significant_change"}},{"type":"Feature","geometry":{"type":"Polygon","coordinates":[[[79.9433512,12.945],[79.9433456,12.9453234],[79.9435546,12.9453222],[79.9435709,12.945],[79.9433512,12.945]]]},"properties":{"ulpin":"TF2CEHTAC7B3F4","survey_no":"354/2","sub_division":"2","state":"TN","village":"Sriperumbudur (R)","land_use":"residential","zone_code":"R2","area_sqm":830.09,"owner_name":"Murugan Annamalai","ownership_type":"patta","story":null,"s2_label":"no_significant_change"}},{"type":"Feature","geometry":{"type":"Polygon","coordinates":[[[79.9433,12.945],[79.9430505,12.945],[79.9430449,12.9453251],[79.9433456,12.9453234],[79.9433512,12.945],[79.9433,12.945]]]},"properties":{"ulpin":"TF2CEHSCC2BFC3","survey_no":"354/1","sub_division":"1","state":"TN","village":"Sriperumbudur (R)","land_use":"residential","zone_code":"R2","area_sqm":1169.94,"owner_name":"Azaan Kashyap","ownership_type":"patta","story":null,"s2_label":"no_significant_change"}},{"type":"Feature","geometry":{"type":"Polygon","coordinates":[[[79.9435546,12.9453222],[79.9432834,12.9453238],[79.9432692,12.945709],[79.9435352,12.9457074],[79.9435546,12.9453222]]]},"properties":{"ulpin":"TF2CEHT6954125","survey_no":"350/1","sub_division":"1","state":"TN","village":"Sriperumbudur (R)","land_use":"residential","zone_code":"R2","area_sqm":1241.3,"owner_name":"Tamilarasi Balakrishnan","ownership_type":"patta","story":null,"s2_label":"no_significant_change"}},{"type":"Feature","geometry":{"type":"Polygon","coordinates":[[[79.9430449,12.9453251],[79.9430382,12.9457105],[79.9432692,12.945709],[79.9432834,12.9453238],[79.9430449,12.9453251]]]},"properties":{"ulpin":"TF2CEHS0F8C967","survey_no":"349","sub_division":null,"state":"TN","village":"Sriperumbudur (R)","land_use":"residential","zone_code":"R2","area_sqm":1085.27,"owner_name":"Yuvraj Choudhury","ownership_type":"patta","story":null,"s2_label":"no_significant_change"}},{"type":"Feature","geometry":{"type":"Polygon","coordinates":[[[79.9435177,12.9457075],[79.9430382,12.9457105],[79.9430345,12.9459188],[79.9435101,12.9459467],[79.9435177,12.9457075]]]},"properties":{"ulpin":"TF2CEHS8D94291","survey_no":"345","sub_division":null,"state":"TN","village":"Sriperumbudur (R)","land_use":"residential","zone_code":"R2","area_sqm":1282.85,"owner_name":"Eswari Palanisamy","ownership_type":"patta","story":null,"s2_label":"no_significant_change"}},{"type":"Feature","geometry":{"type":"Polygon","coordinates":[[[79.9432939,12.9462608],[79.9433048,12.9459346],[79.9430345,12.9459188],[79.9430286,12.9462608],[79.9430426,12.9462609],[79.9432128,12.9462609],[79.9432939,12.9462608]]]},"properties":{"ulpin":"TF2CEHU963F141","survey_no":"341/1","sub_division":"1","state":"TN","village":"Sriperumbudur (R)","land_use":"commercial","zone_code":"C1","area_sqm":1074.37,"owner_name":"Palaniappan Rathinam","ownership_type":"patta","story":null,"s2_label":"no_significant_change"}},{"type":"Feature","geometry":{"type":"Polygon","coordinates":[[[79.943383,12.9462607],[79.9435001,12.9462604],[79.9435101,12.9459467],[79.9433048,12.9459346],[79.9432939,12.9462608],[79.943383,12.9462607]]]},"properties":{"ulpin":"TF2CEHVB825B48","survey_no":"341/2","sub_division":"2","state":"TN","village":"Sriperumbudur (R)","land_use":"commercial","zone_code":"C1","area_sqm":790.71,"owner_name":"Velu Chidambaram","ownership_type":"patta","story":null,"s2_label":"no_significant_change"}},{"type":"Feature","geometry":{"type":"Polygon","coordinates":[[[79.9437237,12.9462598],[79.943894,12.9462595],[79.9438941,12.9462595],[79.9439451,12.9462594],[79.9439388,12.9461528],[79.9439387,12.9461521],[79.9439341,12.9460482],[79.9435074,12.9460293],[79.9435001,12.9462604],[79.9435533,12.9462603],[79.9437237,12.9462598]]]},"properties":{"ulpin":"TF2CEHV983D059","survey_no":"342/1","sub_division":"1","state":"TN","village":"Sriperumbudur (R)","land_use":"commercial","zone_code":"C1","area_sqm":1154.89,"owner_name":"Bharathi Annamalai","ownership_type":"patta","story":null,"s2_label":"no_significant_change"}},{"type":"Feature","geometry":{"type":"Polygon","coordinates":[[[79.9435177,12.9457075],[79.9435074,12.9460293],[79.9437131,12.9460384],[79.9437296,12.9457062],[79.9435177,12.9457075]]]},"properties":{"ulpin":"TF2CEHTF8E07D0","survey_no":"346/1","sub_division":"1","state":"TN","village":"Sriperumbudur (R)","land_use":"residential","zone_code":"R2","area_sqm":819.96,"owner_name":"Tamilselvan Kandasamy","ownership_type":"patta","story":null,"s2_label":"no_significant_change"}},{"type":"Feature","geometry":{"type":"Polygon","coordinates":[[[79.9439324,12.9460114],[79.9439281,12.9458711],[79.9439281,12.9458706],[79.9439256,12.9457303],[79.9439256,12.9457298],[79.9439254,12.9457049],[79.9437296,12.9457062],[79.9437131,12.9460384],[79.9439341,12.9460482],[79.9439324,12.946012],[79.9439324,12.9460114]]]},"properties":{"ulpin":"TF2CEHTC22081E","survey_no":"346/2","sub_division":"2","state":"TN","village":"Sriperumbudur (R)","land_use":"residential","zone_code":"R2","area_sqm":841.01,"owner_name":"Thirumalai Kandasamy","ownership_type":"joint","story":null,"s2_label":"no_significant_change"}},{"type":"Feature","geometry":{"type":"Polygon","coordinates":[[[79.962,12.9576],[79.962,12.95715],[79.962,12.9567055],[79.9619564,12.9567797],[79.9618388,12.9569852],[79.9617232,12.9571921],[79.9616093,12.9574003],[79.961497,12.9576096],[79.9614808,12.9576403],[79.9619965,12.9576517],[79.962,12.9576518],[79.962,12.9576]]]},"properties":{"ulpin":"TF2CEWF40B82AD","survey_no":"76","sub_division":null,"state":"TN","village":"Sriperumbudur (R)","land_use":"agricultural","zone_code":"AG","area_sqm":2995.35,"owner_name":"Ramasamy Varadharajan","ownership_type":"patta","story":null,"s2_label":"no_significant_change"}},{"type":"Feature","geometry":{"type":"Polygon","coordinates":[[[79.9413005,12.9509438],[79.9411535,12.9509464],[79.9411533,12.9509465],[79.9409829,12.9509489],[79.9409826,12.9509489],[79.9408123,12.9509503],[79.9408119,12.9509503],[79.9406416,12.9509504],[79.9406411,12.9509504],[79.9404709,12.9509488],[79.9404704,12.9509488],[79.9403002,12.9509455],[79.9402997,12.9509455],[79.9401295,12.9509403],[79.940129,12.9509403],[79.94,12.9509351],[79.94,12.9513],[79.94,12.9516536],[79.9413056,12.9516728],[79.9413005,12.9509438]]]},"properties":{"ulpin":"TF2CEJED428ABB","survey_no":"141/3","sub_division":"3","state":"TN","village":"Sriperumbudur (R)","land_use":"agricultural","zone_code":"AG","area_sqm":11203.95,"owner_name":"Bhuvaneswari Natarajan","ownership_type":"patta","story":null,"s2_label":"vegetation_loss"}},{"type":"Feature","geometry":{"type":"Polygon","coordinates":[[[79.94,12.9522],[79.94,12.9525322],[79.9400027,12.9524645],[79.9405774,12.9524862],[79.9411567,12.9525037],[79.9413114,12.952507],[79.9413056,12.9516728],[79.94,12.9516536],[79.94,12.95175],[79.94,12.9522]]]},"properties":{"ulpin":"TF2CEJGA3AD15F","survey_no":"141/1","sub_division":"1","state":"TN","village":"Sriperumbudur (R)","land_use":"agricultural","zone_code":"AG","area_sqm":12942.13,"owner_name":"Chitra Elumalai","ownership_type":"patta","story":null,"s2_label":"no_significant_change"}},{"type":"Feature","geometry":{"type":"Polygon","coordinates":[[[79.9417358,12.9525161],[79.9422421,12.952522],[79.9422352,12.9520488],[79.9422281,12.9515693],[79.9422211,12.9510898],[79.942219,12.9509348],[79.9421745,12.9509342],[79.9420047,12.9509337],[79.9418347,12.9509348],[79.9416646,12.9509371],[79.9414943,12.9509401],[79.9413239,12.9509434],[79.9413239,12.9509434],[79.9413005,12.9509438],[79.9413114,12.952507],[79.9417358,12.9525161]]]},"properties":{"ulpin":"TF2CEJG4912774","survey_no":"141/2","sub_division":"2","state":"TN","village":"Sriperumbudur (R)","land_use":"agricultural","zone_code":"AG","area_sqm":17511.54,"owner_name":"Avi Ramachandran","ownership_type":"patta","story":null,"s2_label":"no_significant_change"}},{"type":"Feature","geometry":{"type":"Polygon","coordinates":[[[79.94,12.9504],[79.94,12.95085],[79.94,12.9508899],[79.9400019,12.9508447],[79.9401326,12.95085],[79.9403022,12.9508551],[79.940472,12.9508584],[79.9406418,12.95086],[79.9408117,12.9508599],[79.9409817,12.9508585],[79.9411519,12.950856],[79.9413222,12.950853],[79.9414926,12.9508497],[79.9414926,12.9508497],[79.941663,12.9508467],[79.9416632,12.9508467],[79.9418336,12.9508444],[79.941834,12.9508444],[79.9420043,12.9508433],[79.9420047,12.9508433],[79.942175,12.9508438],[79.9421755,12.9508438],[79.9422178,12.9508443],[79.9422146,12.9506104],[79.9422146,12.9506103],[79.9422097,12.9502031],[79.9417444,12.9502077],[79.9417441,12.9502077],[79.941342,12.9502095],[79.941348,12.9503413],[79.9412559,12.9503453],[79.9412497,12.9502099],[79.9411645,12.9502103],[79.9411642,12.9502103],[79.9405845,12.95021],[79.9405843,12.95021],[79.9400046,12.9502069],[79.9400044,12.9502069],[79.94,12.9502068],[79.94,12.9504]]]},"properties":{"ulpin":"TF2CEJE838BBE1","survey_no":"153","sub_division":null,"state":"TN","village":"Sriperumbudur (R)","land_use":"agricultural","zone_code":"AG","area_sqm":16951.69,"owner_name":"Arumugam Palanisamy","ownership_type":"patta","story":null,"s2_label":"no_significant_change"}},{"type":"Feature","geometry":{"type":"Polygon","coordinates":[[[79.94,12.9477],[79.94,12.9478396],[79.9402915,12.9478499],[79.9403057,12.9476133],[79.94,12.9476001],[79.94,12.9477]]]},"properties":{"ulpin":"TF2CEJ40F682A3","survey_no":"187/4","sub_division":"4","state":"TN","village":"Sriperumbudur (R)","land_use":"residential","zone_code":"R2","area_sqm":854.05,"owner_name":"Subramani Balakrishnan","ownership_type":"patta","story":null,"s2_label":"no_significant_change"}},{"type":"Feature","geometry":{"type":"Polygon","coordinates":[[[79.9401795,12.9474726],[79.9403132,12.9474881],[79.9403211,12.9473564],[79.9403007,12.9473548],[79.9403004,12.9473547],[79.9401922,12.9473451],[79.9401795,12.9474726]]]},"properties":{"ulpin":"TF2CEJ434006F5","survey_no":"192/2","sub_division":"2","state":"TN","village":"Sriperumbudur (R)","land_use":"residential","zone_code":"R1","area_sqm":205.71,"owner_name":"Meenakshi Elumalai","ownership_type":"patta","story":null,"s2_label":"no_significant_change"}},{"type":"Feature","geometry":{"type":"Polygon","coordinates":[[[79.9401661,12.9476073],[79.9403057,12.9476133],[79.9403132,12.9474881],[79.9401795,12.9474726],[79.9401661,12.9476073]]]},"properties":{"ulpin":"TF2CEJ4AD16E9E","survey_no":"187/5A","sub_division":"5A","state":"TN","village":"Sriperumbudur (R)","land_use":"residential","zone_code":"R1","area_sqm":214.45,"owner_name":"Tamilarasi Kandasamy","ownership_type":"patta","story":null,"s2_label":"no_significant_change"}},{"type":"Feature","geometry":{"type":"Polygon","coordinates":[[[79.9401784,12.9474837],[79.9401922,12.9473451],[79.9400851,12.9473355],[79.9400674,12.9474699],[79.9401784,12.9474837]]]},"properties":{"ulpin":"TF2CEJ4B2D1518","survey_no":"192/1","sub_division":"1","state":"TN","village":"Sriperumbudur (R)","land_use":"commercial","zone_code":"R1","area_sqm":180.88,"owner_name":"Laksh Mallick","ownership_type":"patta","story":null,"s2_label":"no_significant_change"}},{"type":"Feature","geometry":{"type":"Polygon","coordinates":[[[79.94,12.9473279],[79.94,12.9474616],[79.9400674,12.9474699],[79.9400851,12.9473355],[79.9400112,12.9473289],[79.9400109,12.9473289],[79.94,12.9473279]]]},"properties":{"ulpin":"TF2CEJ41522225","survey_no":"191","sub_division":null,"state":"TN","village":"Sriperumbudur (R)","land_use":"residential","zone_code":"R1","area_sqm":123.45,"owner_name":"Kalaiselvi Chidambaram","ownership_type":"patta","story":null,"s2_label":"no_significant_change"}},{"type":"Feature","geometry":{"type":"Polygon","coordinates":[[[79.94,12.9476001],[79.9401661,12.9476073],[79.9401784,12.9474837],[79.94,12.9474616],[79.94,12.9476001]]]},"properties":{"ulpin":"TF2CEJ4E398261","survey_no":"187/3","sub_division":"3","state":"TN","village":"Sriperumbudur (R)","land_use":"residential","zone_code":"R1","area_sqm":271.87,"owner_name":"Ganesan Muthusamy","ownership_type":"patta","story":null,"s2_label":"no_significant_change"}},{"type":"Feature","geometry":{"type":"Polygon","coordinates":[[[79.9403126,12.9474987],[79.9404397,12.9475124],[79.9404443,12.9473666],[79.9403211,12.9473564],[79.9403126,12.9474987]]]},"properties":{"ulpin":"TF2CEJ49D31CC4","survey_no":"192/3","sub_division":"3","state":"TN","village":"Sriperumbudur (R)","land_use":"residential","zone_code":"R1","area_sqm":217.3,"owner_name":"Agastya Natarajan","ownership_type":"patta","story":null,"s2_label":"no_significant_change"}},{"type":"Feature","geometry":{"type":"Polygon","coordinates":[[[79.9403046,12.9476325],[79.9404358,12.9476369],[79.9404397,12.9475124],[79.9403126,12.9474987],[79.9403046,12.9476325]]]},"properties":{"ulpin":"TF2CEJ437FA478","survey_no":"187/5B","sub_division":"5B","state":"TN","village":"Sriperumbudur (R)","land_use":"residential","zone_code":"R1","area_sqm":200.84,"owner_name":"Duraisamy Subramanian","ownership_type":"patta","story":null,"s2_label":"no_significant_change"}},{"type":"Feature","geometry":{"type":"Polygon","coordinates":[[[79.9405066,12.9476393],[79.9405131,12.9474977],[79.9404404,12.9474926],[79.9404358,12.9476369],[79.9405066,12.9476393]]]},"properties":{"ulpin":"TF2CEJ40B19561","survey_no":"188/2","sub_division":"2","state":"TN","village":"Sriperumbudur (R)","land_use":"residential","zone_code":"R1","area_sqm":123.36,"owner_name":"Meenakshi Palanisamy","ownership_type":"patta","story":null,"s2_label":"no_significant_change"}},{"type":"Feature","geometry":{"type":"Polygon","coordinates":[[[79.9406141,12.9476429],[79.9406208,12.9475051],[79.9405131,12.9474977],[79.9405066,12.9476393],[79.9406141,12.9476429]]]},"properties":{"ulpin":"TF2CEJ44858642","survey_no":"189/1","sub_division":"1","state":"TN","village":"Sriperumbudur (R)","land_use":"residential","zone_code":"R2","area_sqm":180.73,"owner_name":"Subramani Venkatesan","ownership_type":"patta","story":null,"s2_label":"no_significant_change"}},{"type":"Feature","geometry":{"type":"Polygon","coordinates":[[[79.9404404,12.9474926],[79.9406208,12.9475051],[79.9406268,12.9473814],[79.9405904,12.9473787],[79.94059,12.9473787],[79.9404443,12.9473666],[79.9404404,12.9474926]]]},"properties":{"ulpin":"TF2CEJ4C8851B2","survey_no":"192/4","sub_division":"4","state":"TN","village":"Sriperumbudur (R)","land_use":"residential","zone_code":"R1","area_sqm":272.33,"owner_name":"Ezhilarasan Sekar","ownership_type":"patta","story":null,"s2_label":"no_significant_change"}},{"type":"Feature","geometry":{"type":"Polygon","coordinates":[[[79.9402915,12.9478499],[79.9406035,12.9478609],[79.9406141,12.9476429],[79.9403046,12.9476325],[79.9402915,12.9478499]]]},"properties":{"ulpin":"TF2CEJ494BC6F6","survey_no":"188/1","sub_division":"1","state":"TN","village":"Sriperumbudur (R)","land_use":"agricultural","zone_code":"R2","area_sqm":813.11,"owner_name":"Palaniappan Annamalai","ownership_type":"patta","story":null,"s2_label":"vegetation_loss"}},{"type":"Feature","geometry":{"type":"Polygon","coordinates":[[[79.9403326,12.9482517],[79.9405839,12.9482645],[79.9405921,12.948096],[79.9403309,12.9480714],[79.9403326,12.9482517]]]},"properties":{"ulpin":"TF2CEJ48AEF68B","survey_no":"185/2B","sub_division":"2B","state":"TN","village":"Sriperumbudur (R)","land_use":"residential","zone_code":"R2","area_sqm":537.1,"owner_name":"Sudiksha Devan","ownership_type":"patta","story":null,"s2_label":"no_significant_change"}},{"type":"Feature","geometry":{"type":"Polygon","coordinates":[[[79.9403309,12.9480714],[79.9405921,12.948096],[79.9406035,12.9478609],[79.9403288,12.9478512],[79.9403309,12.9480714]]]},"properties":{"ulpin":"TF2CEJ43D17E4E","survey_no":"186/2B","sub_division":"2B","state":"TN","village":"Sriperumbudur (R)","land_use":"residential","zone_code":"R2","area_sqm":732.91,"owner_name":"Government of Tamil Nadu","ownership_type":"govt","story":null,"s2_label":"no_significant_change"}},{"type":"Feature","geometry":{"type":"Polygon","coordinates":[[[79.94,12.9480769],[79.9403309,12.9480688],[79.9403288,12.9478512],[79.94,12.9478396],[79.94,12.9480769]]]},"properties":{"ulpin":"TF2CEJ4DFEA6E8","survey_no":"186/2A","sub_division":"2A","state":"TN","village":"Sriperumbudur (R)","land_use":"residential","zone_code":"R2","area_sqm":900.15,"owner_name":"Dhanalakshmi Sekar","ownership_type":"patta","story":null,"s2_label":"no_significant_change"}},{"type":"Feature","geometry":{"type":"Polygon","coordinates":[[[79.94,12.94815],[79.94,12.9482348],[79.9403326,12.9482517],[79.9403309,12.9480688],[79.94,12.9480769],[79.94,12.94815]]]},"properties":{"ulpin":"TF2CEJ4436FB6D","survey_no":"185/2A","sub_division":"2A","state":"TN","village":"Sriperumbudur (R)","land_use":"residential","zone_code":"R2","area_sqm":678.14,"owner_name":"Selvi Krishnan","ownership_type":"patta","story":null,"s2_label":"no_significant_change"}},{"type":"Feature","geometry":{"type":"Polygon","coordinates":[[[79.9401434,12.9485022],[79.9401436,12.9485022],[79.9402553,12.948509],[79.9402471,12.9482474],[79.94,12.9482348],[79.94,12.9485393],[79.9400027,12.9484941],[79.9401434,12.9485022]]]},"properties":{"ulpin":"TF2CEJ43ECBE1B","survey_no":"184/1","sub_division":"1","state":"TN","village":"Sriperumbudur (R)","land_use":"commercial","zone_code":"C1","area_sqm":784.64,"owner_name":"Murugan Govindarajan","ownership_type":"patta","story":null,"s2_label":"no_significant_change"}},{"type":"Feature","geometry":{"type":"Polygon","coordinates":[[[79.9403136,12.9485125],[79.9403137,12.9485125],[79.9404836,12.9485231],[79.9404837,12.9485231],[79.9405711,12.9485287],[79.9405839,12.9482645],[79.9402471,12.9482474],[79.9402553,12.948509],[79.9403136,12.9485125]]]},"properties":{"ulpin":"TF2CEJ4E7D7802","survey_no":"184/2","sub_division":"2","state":"TN","village":"Sriperumbudur (R)","land_use":"commercial","zone_code":"C1","area_sqm":1029.38,"owner_name":"Murugan Srinivasan","ownership_type":"patta","story":null,"s2_label":"no_significant_change"}},{"type":"Feature","geometry":{"type":"Polygon","coordinates":[[[79.9407443,12.9473902],[79.9407183,12.9476203],[79.940871,12.9476346],[79.9408854,12.9474007],[79.9408802,12.9474003],[79.9408797,12.9474003],[79.9407443,12.9473902]]]},"properties":{"ulpin":"TF2CEJ5D231F50","survey_no":"193/2","sub_division":"2","state":"TN","village":"Sriperumbudur (R)","land_use":"residential","zone_code":"R2","area_sqm":411.93,"owner_name":"Palaniappan Muthusamy","ownership_type":"patta","story":null,"s2_label":"no_significant_change"}},{"type":"Feature","geometry":{"type":"Polygon","coordinates":[[[79.9406211,12.9474977],[79.9407316,12.9475025],[79.9407443,12.9473902],[79.9406268,12.9473814],[79.9406211,12.9474977]]]},"properties":{"ulpin":"TF2CEJ502E4463","survey_no":"193/1","sub_division":"1","state":"TN","village":"Sriperumbudur (R)","land_use":"residential","zone_code":"R1","area_sqm":157.22,"owner_name":"Palaniappan Sekar","ownership_type":"patta","story":null,"s2_label":"no_significant_change"}},{"type":"Feature","geometry":{"type":"Polygon","coordinates":[[[79.9406156,12.9476108],[79.9407183,12.9476203],[79.9407316,12.9475025],[79.9406211,12.9474977],[79.9406156,12.9476108]]]},"properties":{"ulpin":"TF2CEJ5C6F4795","survey_no":"189/2","sub_division":"2","state":"TN","village":"Sriperumbudur (R)","land_use":"residential","zone_code":"R2","area_sqm":148.39,"owner_name":"Velu Krishnan","ownership_type":"patta","story":null,"s2_label":"no_significant_change"}},{"type":"Feature","geometry":{"type":"Polygon","coordinates":[[[79.9406004,12.9479259],[79.9408524,12.9479376],[79.940871,12.9476346],[79.9406156,12.9476108],[79.9406004,12.9479259]]]},"properties":{"ulpin":"TF2CEJ58009A3B","survey_no":"189/3","sub_division":"3","state":"TN","village":"Sriperumbudur (R)","land_use":"residential","zone_code":"R2","area_sqm":944.39,"owner_name":"Vennila Srinivasan","ownership_type":"patta","story":null,"s2_label":"no_significant_change"}},{"type":"Feature","geometry":{"type":"Polygon","coordinates":[[[79.9408717,12.9476233],[79.9408524,12.9479376],[79.9410694,12.9479476],[79.9410795,12.9476412],[79.9408717,12.9476233]]]},"properties":{"ulpin":"TF2CEJ5913BF62","survey_no":"189/4","sub_division":"4","state":"TN","village":"Sriperumbudur (R)","land_use":"residential","zone_code":"R2","area_sqm":793.24,"owner_name":"Rajendran Muthusamy","ownership_type":"joint","story":null,"s2_label":"no_significant_change"}},{"type":"Feature","geometry":{"type":"Polygon","coordinates":[[[79.9410795,12.9476412],[79.9410694,12.9479476],[79.9412267,12.9479548],[79.9412153,12.9478221],[79.9412017,12.9476827],[79.9411983,12.9476515],[79.9410795,12.9476412]]]},"properties":{"ulpin":"TF2CEJ58B28B84","survey_no":"187/2","sub_division":"2","state":"TN","village":"Sriperumbudur (R)","land_use":"vacant","zone_code":"R2","area_sqm":506.28,"owner_name":"Ganesan Govindarajan","ownership_type":"patta","story":null,"s2_label":"no_significant_change"}},{"type":"Feature","geometry":{"type":"Polygon","coordinates":[[[79.9411867,12.9475431],[79.9411726,12.9474195],[79.9411701,12.9474193],[79.9411696,12.9474193],[79.9408854,12.9474007],[79.9408717,12.9476233],[79.9411983,12.9476515],[79.9411867,12.9475431]]]},"properties":{"ulpin":"TF2CEJ58A25248","survey_no":"190","sub_division":null,"state":"TN","village":"Sriperumbudur (R)","land_use":"residential","zone_code":"R2","area_sqm":835.85,"owner_name":"Oliver Sama","ownership_type":"patta","story":null,"s2_label":"no_significant_change"}},{"type":"Feature","geometry":{"type":"Polygon","coordinates":[[[79.9409687,12.9479429],[79.9406004,12.9479259],[79.9405884,12.9481736],[79.9409496,12.9481995],[79.9409687,12.9479429]]]},"properties":{"ulpin":"TF2CEJ5207DE26","survey_no":"187/1","sub_division":"1","state":"TN","village":"Sriperumbudur (R)","land_use":"residential","zone_code":"R2","area_sqm":1107.56,"owner_name":"Ilango Muthusamy","ownership_type":"patta","story":null,"s2_label":"no_significant_change"}},{"type":"Feature","geometry":{"type":"Polygon","coordinates":[[[79.9405711,12.9485287],[79.9406537,12.9485339],[79.9408236,12.9485448],[79.9409234,12.9485511],[79.9409354,12.9483896],[79.940579,12.9483663],[79.9405711,12.9485287]]]},"properties":{"ulpin":"TF2CEJ586741C5","survey_no":"184/3","sub_division":"3","state":"TN","village":"Sriperumbudur (R)","land_use":"commercial","zone_code":"C1","area_sqm":691.1,"owner_name":"Anmol Raman","ownership_type":"joint","story":null,"s2_label":"no_significant_change"}},{"type":"Feature","geometry":{"type":"Polygon","coordinates":[[[79.9405884,12.9481736],[79.940579,12.9483663],[79.9409354,12.9483896],[79.9409496,12.9481995],[79.9405884,12.9481736]]]},"properties":{"ulpin":"TF2CEJ50C7312E","survey_no":"185/3","sub_division":"3","state":"TN","village":"Sriperumbudur (R)","land_use":"residential","zone_code":"R2","area_sqm":827.6,"owner_name":"Palaniappan Subramanian","ownership_type":"patta","story":null,"s2_label":"no_significant_change"}},{"type":"Feature","geometry":{"type":"Polygon","coordinates":[[[79.9411635,12.9485662],[79.9412551,12.9485718],[79.9412545,12.9485194],[79.9412509,12.9483798],[79.9412462,12.9482638],[79.9409466,12.9482392],[79.9409234,12.9485511],[79.9409936,12.9485556],[79.9411635,12.9485662]]]},"properties":{"ulpin":"TF2CEJ56EB85A9","survey_no":"185/1","sub_division":"1","state":"TN","village":"Sriperumbudur (R)","land_use":"commercial","zone_code":"C1","area_sqm":1179.23,"owner_name":"Vivaan Yogi","ownership_type":"patta","story":null,"s2_label":"no_significant_change"}},{"type":"Feature","geometry":{"type":"Polygon","coordinates":[[[79.9412452,12.9482403],[79.9412373,12.9481009],[79.9412273,12.9479615],[79.9412267,12.9479548],[79.9409687,12.9479429],[79.9409466,12.9482392],[79.9412462,12.9482638],[79.9412452,12.9482403]]]},"properties":{"ulpin":"TF2CEJ5661B26A","survey_no":"186/1","sub_division":"1","state":"TN","village":"Sriperumbudur (R)","land_use":"residential","zone_code":"R2","area_sqm":1015.72,"owner_name":"Qadim Dutt","ownership_type":"patta","story":null,"s2_label":"no_significant_change"}},{"type":"Feature","geometry":{"type":"Polygon","coordinates":[[[79.949878,12.9552566],[79.9498463,12.9548667],[79.9496688,12.9548808],[79.9497122,12.9552515],[79.949878,12.9552566]]]},"properties":{"ulpin":"TF2CEQ3A7504EF","survey_no":"87/1","sub_division":"1","state":"TN","village":"Sriperumbudur (R)","land_use":"residential","zone_code":"R2","area_sqm":785.27,"owner_name":"Bhuvaneswari Varadharajan","ownership_type":"patta","story":null,"s2_label":"no_significant_change"}},{"type":"Feature","geometry":{"type":"Polygon","coordinates":[[[79.9497122,12.9552515],[79.9496688,12.9548808],[79.9494133,12.9549011],[79.9494555,12.9552441],[79.9495373,12.9552462],[79.9495377,12.9552462],[79.9497122,12.9552515]]]},"properties":{"ulpin":"TF2CEQ3E948ECE","survey_no":"86/3","sub_division":"3","state":"TN","village":"Sriperumbudur (R)","land_use":"residential","zone_code":"R2","area_sqm":1099.33,"owner_name":"Sriperumbudur Town Panchayat","ownership_type":"govt","story":null,"s2_label":"no_significant_change"}},{"type":"Feature","geometry":{"type":"Polygon","coordinates":[[[79.9494555,12.9552441],[79.9494133,12.9549011],[79.949205,12.9549176],[79.9492458,12.955239],[79.9494555,12.9552441]]]},"properties":{"ulpin":"TF2CEQ3804C908","survey_no":"86/2","sub_division":"2","state":"TN","village":"Sriperumbudur (R)","land_use":"residential","zone_code":"R2","area_sqm":835.8,"owner_name":"Bharathi Rathinam","ownership_type":"patta","story":null,"s2_label":"no_significant_change"}},{"type":"Feature","geometry":{"type":"Polygon","coordinates":[[[79.9489542,12.9552329],[79.9491148,12.9552358],[79.9491151,12.9552358],[79.9492458,12.955239],[79.949205,12.9549176],[79.9489262,12.9549397],[79.9489542,12.9552329]]]},"properties":{"ulpin":"TF2CEQ35A06A00","survey_no":"86/1","sub_division":"1","state":"TN","village":"Sriperumbudur (R)","land_use":"residential","zone_code":"R2","area_sqm":1053.88,"owner_name":"Gram Panchayat, Sriperumbudur (R)","ownership_type":"govt","story":null,"s2_label":"no_significant_change"}},{"type":"Feature","geometry":{"type":"Polygon","coordinates":[[[79.9489262,12.9549397],[79.949362,12.9549052],[79.9493359,12.954622],[79.9488988,12.9546532],[79.9489262,12.9549397]]]},"properties":{"ulpin":"TF2CEQ31D2286F","survey_no":"89/1","sub_division":"1","state":"TN","village":"Sriperumbudur (R)","land_use":"residential","zone_code":"R2","area_sqm":1502.03,"owner_name":"Karthik Muthusamy","ownership_type":"patta","story":null,"s2_label":"no_significant_change"}},{"type":"Feature","geometry":{"type":"Polygon","coordinates":[[[79.9488988,12.9546532],[79.9493359,12.954622],[79.949311,12.9543513],[79.9488744,12.9543982],[79.9488988,12.9546532]]]},"properties":{"ulpin":"TF2CEQ3395682B","survey_no":"91/4","sub_division":"4","state":"TN","village":"Sriperumbudur (R)","land_use":"residential","zone_code":"R2","area_sqm":1389.33,"owner_name":"Vedant Arora","ownership_type":"patta","story":null,"s2_label":"no_significant_change"}},{"type":"Feature","geometry":{"type":"Polygon","coordinates":[[[79.949362,12.9549052],[79.9498463,12.9548667],[79.9498265,12.9546238],[79.9493378,12.9546425],[79.949362,12.9549052]]]},"properties":{"ulpin":"TF2CEQ322F8B7C","survey_no":"89/2A","sub_division":"2A","state":"TN","village":"Sriperumbudur (R)","land_use":"residential","zone_code":"R2","area_sqm":1483.1,"owner_name":"Jagdish Wable","ownership_type":"patta","story":null,"s2_label":"no_significant_change"}},{"type":"Feature","geometry":{"type":"Polygon","coordinates":[[[79.9498265,12.9546238],[79.9498001,12.9542988],[79.9495161,12.9543293],[79.949528,12.9546352],[79.9498265,12.9546238]]]},"properties":{"ulpin":"TF2CEQ3A9B90BF","survey_no":"91/6","sub_division":"6","state":"TN","village":"Sriperumbudur (R)","land_use":"residential","zone_code":"R2","area_sqm":1107.2,"owner_name":"Nicholas Dugar","ownership_type":"joint","story":null,"s2_label":"no_significant_change"}},{"type":"Feature","geometry":{"type":"Polygon","coordinates":[[[79.949528,12.9546352],[79.9495161,12.9543293],[79.949311,12.9543513],[79.9493378,12.9546425],[79.949528,12.9546352]]]},"properties":{"ulpin":"TF2CEQ37567EDA","survey_no":"91/5","sub_division":"5","state":"TN","village":"Sriperumbudur (R)","land_use":"residential","zone_code":"R2","area_sqm":711.42,"owner_name":"Triya Sodhi","ownership_type":"patta","story":null,"s2_label":"no_significant_change"}},{"type":"Feature","geometry":{"type":"Polygon","coordinates":[[[79.9490613,12.9543781],[79.9490287,12.954021],[79.9488397,12.9540359],[79.9488744,12.9543982],[79.9490613,12.9543781]]]},"properties":{"ulpin":"TF2CEQ12B7F69E","survey_no":"93/3","sub_division":"3","state":"TN","village":"Sriperumbudur (R)","land_use":"residential","zone_code":"R2","area_sqm":818.16,"owner_name":"Bharathi Rathinam","ownership_type":"patta","story":null,"s2_label":"no_significant_change"}},{"type":"Feature","geometry":{"type":"Polygon","coordinates":[[[79.9492647,12.9543563],[79.9492227,12.9540057],[79.9490287,12.954021],[79.9490613,12.9543781],[79.9492647,12.9543563]]]},"properties":{"ulpin":"TF2CEQ1EE344D7","survey_no":"93/4","sub_division":"4","state":"TN","village":"Sriperumbudur (R)","land_use":"residential","zone_code":"R2","area_sqm":851.96,"owner_name":"Velu Sekar","ownership_type":"patta","story":null,"s2_label":"no_significant_change"}},{"type":"Feature","geometry":{"type":"Polygon","coordinates":[[[79.9491694,12.9535617],[79.9487972,12.9535915],[79.948818,12.9538086],[79.9491959,12.9537821],[79.9491694,12.9535617]]]},"properties":{"ulpin":"TF2CEQ16125B4D","survey_no":"101/2","sub_division":"2","state":"TN","village":"Sriperumbudur (R)","land_use":"residential","zone_code":"R2","area_sqm":992.53,"owner_name":"Duraisamy Perumal","ownership_type":"patta","story":null,"s2_label":"no_significant_change"}},{"type":"Feature","geometry":{"type":"Polygon","coordinates":[[[79.9492227,12.9540057],[79.9491959,12.9537821],[79.948818,12.9538086],[79.9488397,12.9540359],[79.9492227,12.9540057]]]},"properties":{"ulpin":"TF2CEQ1DCBD9A9","survey_no":"98/2","sub_division":"2","state":"TN","village":"Sriperumbudur (R)","land_use":"residential","zone_code":"R2","area_sqm":1036.87,"owner_name":"Xavier Mitra","ownership_type":"patta","story":null,"s2_label":"no_significant_change"}},{"type":"Feature","geometry":{"type":"Polygon","coordinates":[[[79.9497707,12.9539374],[79.9497364,12.9535163],[79.949435,12.9535404],[79.9494885,12.9539653],[79.9497707,12.9539374]]]},"properties":{"ulpin":"TF2CEQ15506FF0","survey_no":"101/4","sub_division":"4","state":"TN","village":"Sriperumbudur (R)","land_use":"residential","zone_code":"R2","area_sqm":1494.84,"owner_name":"Saravanan Srinivasan","ownership_type":"patta","story":null,"s2_label":"no_significant_change"}},{"type":"Feature","geometry":{"type":"Polygon","coordinates":[[[79.9494885,12.9539653],[79.949435,12.9535404],[79.9491694,12.9535617],[79.949221,12.9539918],[79.9494885,12.9539653]]]},"properties":{"ulpin":"TF2CEQ1CAD41AE","survey_no":"101/3","sub_division":"3","state":"TN","village":"Sriperumbudur (R)","land_use":"residential","zone_code":"R2","area_sqm":1382.27,"owner_name":"Ponni Natarajan","ownership_type":"joint","story":null,"s2_label":"no_significant_change"}},{"type":"Feature","geometry":{"type":"Polygon","coordinates":[[[79.9498001,12.9542988],[79.9497707,12.9539374],[79.9494678,12.9539674],[79.9495103,12.9543299],[79.9498001,12.9542988]]]},"properties":{"ulpin":"TF2CEQ1C595053","survey_no":"94/2","sub_division":"2","state":"TN","village":"Sriperumbudur (R)","land_use":"residential","zone_code":"R2","area_sqm":1300.06,"owner_name":"Tamilselvan Sundaram","ownership_type":"patta","story":null,"s2_label":"no_significant_change"}},{"type":"Feature","geometry":{"type":"Polygon","coordinates":[[[79.9495103,12.9543299],[79.9494678,12.9539674],[79.949221,12.9539918],[79.9492647,12.9543563],[79.9495103,12.9543299]]]},"properties":{"ulpin":"TF2CEQ1E0A139F","survey_no":"94/1","sub_division":"1","state":"TN","village":"Sriperumbudur (R)","land_use":"residential","zone_code":"R2","area_sqm":1087.14,"owner_name":"Ria Mahajan","ownership_type":"patta","story":null,"s2_label":"no_significant_change"}},{"type":"Feature","geometry":{"type":"Polygon","coordinates":[[[79.9479806,12.9541657],[79.948011,12.9544499],[79.948011,12.9544499],[79.948041,12.9547342],[79.948041,12.9547345],[79.9480694,12.9550188],[79.9480694,12.9550193],[79.9480877,12.9552229],[79.9482696,12.9552236],[79.94827,12.9552236],[79.9486922,12.9552282],[79.9486926,12.9552282],[79.9489542,12.9552329],[79.9487972,12.9535915],[79.9479299,12.9536609],[79.9479512,12.9538816],[79.9479806,12.9541657]]]},"properties":{"ulpin":"TF2CEQ20985721","survey_no":"91/3","sub_division":"3","state":"TN","village":"Sriperumbudur (R)","land_use":"agricultural","zone_code":"AG","area_sqm":16687.74,"owner_name":"Aradhana Chad","ownership_type":"joint","story":null,"s2_label":"no_significant_change"}},{"type":"Feature","geometry":{"type":"Polygon","coordinates":[[[79.9497364,12.9535163],[79.9496375,12.9523003],[79.9492717,12.952329],[79.9488231,12.9523644],[79.9488715,12.9535855],[79.9497364,12.9535163]]]},"properties":{"ulpin":"TF2CEQ18F8EF94","survey_no":"106/1","sub_division":"1","state":"TN","village":"Sriperumbudur (R)","land_use":"agricultural","zone_code":"AG","area_sqm":12336.29,"owner_name":"Advay Rattan","ownership_type":"joint","story":null,"s2_label":"vegetation_loss"}},{"type":"Feature","geometry":{"type":"Polygon","coordinates":[[[79.9478633,12.9527461],[79.9478792,12.95303],[79.9478996,12.9533139],[79.9479238,12.9535977],[79.9479299,12.9536609],[79.9488715,12.9535855],[79.9488231,12.9523644],[79.9486926,12.9523747],[79.9486925,12.9523747],[79.9481134,12.9524196],[79.9481132,12.9524197],[79.9478517,12.9524392],[79.9478522,12.952462],[79.9478633,12.9527461]]]},"properties":{"ulpin":"TF2CEQ001B080C","survey_no":"105/3","sub_division":"3","state":"TN","village":"Sriperumbudur (R)","land_use":"agricultural","zone_code":"AG","area_sqm":14166.26,"owner_name":"Rajendran Kandasamy","ownership_type":"patta","story":null,"s2_label":"vegetation_to_builtup"}},{"type":"Feature","geometry":{"type":"Polygon","coordinates":[[[79.9507675,12.9528466],[79.9507548,12.9524695],[79.9505392,12.9524651],[79.9505465,12.9528531],[79.9507675,12.9528466]]]},"properties":{"ulpin":"TF2CEMF1A43176","survey_no":"108","sub_division":null,"state":"TN","village":"Sriperumbudur (R)","land_use":"agricultural","zone_code":"AG","area_sqm":1002.16,"owner_name":"Bharathi Rathinam","ownership_type":"patta","story":null,"s2_label":"no_significant_change"}},{"type":"Feature","geometry":{"type":"Polygon","coordinates":[[[79.9509724,12.9528406],[79.9509621,12.9524738],[79.9507548,12.9524695],[79.9507675,12.9528466],[79.9509724,12.9528406]]]},"properties":{"ulpin":"TF2CEMF85B2A19","survey_no":"109","sub_division":null,"state":"TN","village":"Sriperumbudur (R)","land_use":"agricultural","zone_code":"AG","area_sqm":919.74,"owner_name":"Janaki Srinivasan","ownership_type":"patta","story":null,"s2_label":"no_significant_change"}},{"type":"Feature","geometry":{"type":"Polygon","coordinates":[[[79.9505392,12.9524651],[79.9509621,12.9524738],[79.9509545,12.9522011],[79.9505348,12.9522316],[79.9505392,12.9524651]]]},"properties":{"ulpin":"TF2CEMF6C79F10","survey_no":"112/2","sub_division":"2","state":"TN","village":"Sriperumbudur (R)","land_use":"commercial","zone_code":"C1","area_sqm":1280.13,"owner_name":"Palaniappan Varadharajan","ownership_type":"patta","story":null,"s2_label":"no_significant_change"}},{"type":"Feature","geometry":{"type":"Polygon","coordinates":[[[79.9510084,12.9521972],[79.9509545,12.9522011],[79.9509629,12.9525001],[79.9512464,12.9524976],[79.9512484,12.9521809],[79.9510084,12.9521972]]]},"properties":{"ulpin":"TF2CEMFE516E2F","survey_no":"112/3","sub_division":"3","state":"TN","village":"Sriperumbudur (R)","land_use":"commercial","zone_code":"C1","area_sqm":1067.14,"owner_name":"Tamilselvan Krishnan","ownership_type":"patta","story":null,"s2_label":"no_significant_change"}},{"type":"Feature","geometry":{"type":"Polygon","coordinates":[[[79.9509724,12.9528406],[79.9512328,12.952833],[79.9512461,12.9525481],[79.9512464,12.9524976],[79.9509629,12.9525001],[79.9509724,12.9528406]]]},"properties":{"ulpin":"TF2CEMFDD58F03","survey_no":"110","sub_division":null,"state":"TN","village":"Sriperumbudur (R)","land_use":"commercial","zone_code":"C1","area_sqm":1106.2,"owner_name":"Fariq Lad","ownership_type":"patta","story":null,"s2_label":"no_significant_change"}},{"type":"Feature","geometry":{"type":"Polygon","coordinates":[[[79.9509448,12.9532596],[79.9509352,12.9530645],[79.9505506,12.9530692],[79.9505543,12.9532684],[79.9509448,12.9532596]]]},"properties":{"ulpin":"TF2CEQ4D89DD04","survey_no":"45/1","sub_division":"1","state":"TN","village":"Sriperumbudur (R)","land_use":"agricultural","zone_code":"AG","area_sqm":917.17,"owner_name":"Selvi Varadharajan","ownership_type":"patta","story":null,"s2_label":"no_significant_change"}},{"type":"Feature","geometry":{"type":"Polygon","coordinates":[[[79.9509244,12.952842],[79.9505465,12.9528531],[79.9505506,12.9530692],[79.9509352,12.9530645],[79.9509244,12.952842]]]},"properties":{"ulpin":"TF2CEQ47E580C8","survey_no":"106/3","sub_division":"3","state":"TN","village":"Sriperumbudur (R)","land_use":"agricultural","zone_code":"AG","area_sqm":1003.67,"owner_name":"Malliga Balakrishnan","ownership_type":"patta","story":null,"s2_label":"no_significant_change"}},{"type":"Feature","geometry":{"type":"Polygon","coordinates":[[[79.9512044,12.9532537],[79.9512239,12.9530244],[79.9512328,12.952833],[79.9509244,12.952842],[79.9509448,12.9532596],[79.9512044,12.9532537]]]},"properties":{"ulpin":"TF2CEQ4A332C44","survey_no":"45/3","sub_division":"3","state":"TN","village":"Sriperumbudur (R)","land_use":"commercial","zone_code":"C1","area_sqm":1438.0,"owner_name":"Bahadurjit Acharya","ownership_type":"patta","story":null,"s2_label":"no_significant_change"}},{"type":"Feature","geometry":{"type":"Polygon","coordinates":[[[79.9511801,12.9535283],[79.9511833,12.9535013],[79.9512044,12.9532537],[79.9508912,12.9532608],[79.950906,12.9535399],[79.9511801,12.9535283]]]},"properties":{"ulpin":"TF2CEQ4ACED970","survey_no":"45/2","sub_division":"2","state":"TN","village":"Sriperumbudur (R)","land_use":"residential","zone_code":"C1","area_sqm":976.14,"owner_name":"Robert Kuruvilla","ownership_type":"patta","story":"disputed","s2_label":"no_significant_change"}},{"type":"Feature","geometry":{"type":"Polygon","coordinates":[[[79.950906,12.9535399],[79.9508912,12.9532608],[79.9505543,12.9532684],[79.9505597,12.9535546],[79.950906,12.9535399]]]},"properties":{"ulpin":"TF2CEQ4E4DAC85","survey_no":"105/2","sub_division":"2","state":"TN","village":"Sriperumbudur (R)","land_use":"agricultural","zone_code":"AG","area_sqm":1159.78,"owner_name":"Malliga Annamalai","ownership_type":"joint","story":null,"s2_label":"no_significant_change"}},{"type":"Feature","geometry":{"type":"Polygon","coordinates":[[[79.949658,12.9525523],[79.9500904,12.9525228],[79.9500759,12.9522663],[79.9498507,12.9522835],[79.9496375,12.9523003],[79.949658,12.9525523]]]},"properties":{"ulpin":"TF2CEMCF92404A","survey_no":"111","sub_division":null,"state":"TN","village":"Sriperumbudur (R)","land_use":"commercial","zone_code":"C1","area_sqm":1335.75,"owner_name":"Ponni Varadharajan","ownership_type":"joint","story":null,"s2_label":"no_significant_change"}},{"type":"Feature","geometry":{"type":"Polygon","coordinates":[[[79.949948,12.9528365],[79.9499115,12.9525351],[79.949658,12.9525523],[79.9496832,12.9528621],[79.949948,12.9528365]]]},"properties":{"ulpin":"TF2CEMCAC1FDE8","survey_no":"106/4","sub_division":"4","state":"TN","village":"Sriperumbudur (R)","land_use":"agricultural","zone_code":"AG","area_sqm":958.23,"owner_name":"Ilango Srinivasan","ownership_type":"patta","story":null,"s2_label":"vegetation_to_builtup"}},{"type":"Feature","geometry":{"type":"Polygon","coordinates":[[[79.9501073,12.9528211],[79.9500904,12.9525228],[79.9499115,12.9525351],[79.949948,12.9528365],[79.9501073,12.9528211]]]},"properties":{"ulpin":"TF2CEMC7B4561E","survey_no":"106/5","sub_division":"5","state":"TN","village":"Sriperumbudur (R)","land_use":"vacant","zone_code":"AG","area_sqm":612.69,"owner_name":"Selvam Ramalingam","ownership_type":"patta","story":null,"s2_label":"no_significant_change"}},{"type":"Feature","geometry":{"type":"Polygon","coordinates":[[[79.9505348,12.9522316],[79.9504296,12.9522393],[79.9500759,12.9522663],[79.9500883,12.9524844],[79.9505393,12.9524674],[79.9505348,12.9522316]]]},"properties":{"ulpin":"TF2CEMFB7CF9CD","survey_no":"112/1","sub_division":"1","state":"TN","village":"Sriperumbudur (R)","land_use":"residential","zone_code":"C1","area_sqm":1242.03,"owner_name":"Vennila Muthusamy","ownership_type":"patta","story":null,"s2_label":"no_significant_change"}},{"type":"Feature","geometry":{"type":"Polygon","coordinates":[[[79.950308,12.9524761],[79.9503041,12.9528021],[79.9505451,12.9527788],[79.9505393,12.9524674],[79.950308,12.9524761]]]},"properties":{"ulpin":"TF2CEMF9E3CC5D","survey_no":"107","sub_division":null,"state":"TN","village":"Sriperumbudur (R)","land_use":"agricultural","zone_code":"AG","area_sqm":903.12,"owner_name":"Pushti Sant","ownership_type":"patta","story":null,"s2_label":"no_significant_change"}},{"type":"Feature","geometry":{"type":"Polygon","coordinates":[[[79.9500883,12.9524844],[79.9501073,12.9528211],[79.9503041,12.9528021],[79.950308,12.9524761],[79.9500883,12.9524844]]]},"properties":{"ulpin":"TF2CEMC7F93100","survey_no":"106/6","sub_division":"6","state":"TN","village":"Sriperumbudur (R)","land_use":"agricultural","zone_code":"AG","area_sqm":829.21,"owner_name":"Saravanan Venkatesan","ownership_type":"joint","story":null,"s2_label":"no_significant_change"}},{"type":"Feature","geometry":{"type":"Polygon","coordinates":[[[79.9501359,12.9532624],[79.9497176,12.9532845],[79.9497424,12.9535892],[79.9501546,12.9535717],[79.9501359,12.9532624]]]},"properties":{"ulpin":"TF2CEQ18ACADD5","survey_no":"103","sub_division":null,"state":"TN","village":"Sriperumbudur (R)","land_use":"residential","zone_code":"R2","area_sqm":1534.71,"owner_name":"Meghana Sankaran","ownership_type":"joint","story":null,"s2_label":"no_significant_change"}},{"type":"Feature","geometry":{"type":"Polygon","coordinates":[[[79.9497176,12.9532845],[79.9501359,12.9532624],[79.95012,12.9529989],[79.9496976,12.9530386],[79.9497176,12.9532845]]]},"properties":{"ulpin":"TF2CEQ16654C11","survey_no":"105/4","sub_division":"4","state":"TN","village":"Sriperumbudur (R)","land_use":"vacant","zone_code":"R2","area_sqm":1291.4,"owner_name":"Rajendran Sekar","ownership_type":"patta","story":null,"s2_label":"no_significant_change"}},{"type":"Feature","geometry":{"type":"Polygon","coordinates":[[[79.9496832,12.9528621],[79.9496976,12.9530386],[79.95012,12.9529989],[79.9501092,12.9528209],[79.9496832,12.9528621]]]},"properties":{"ulpin":"TF2CEQ19331759","survey_no":"106/2","sub_division":"2","state":"TN","village":"Sriperumbudur (R)","land_use":"agricultural","zone_code":"AG","area_sqm":908.34,"owner_name":"Ganesan Krishnan","ownership_type":"patta","story":null,"s2_label":"no_significant_change"}},{"type":"Feature","geometry":{"type":"Polygon","coordinates":[[[79.9503572,12.953197],[79.9503799,12.9535622],[79.9505597,12.9535546],[79.9505529,12.9531941],[79.9503572,12.953197]]]},"properties":{"ulpin":"TF2CEQ4ED09F3B","survey_no":"105/1","sub_division":"1","state":"TN","village":"Sriperumbudur (R)","land_use":"residential","zone_code":"R2","area_sqm":818.29,"owner_name":"Velu Elumalai","ownership_type":"patta","story":null,"s2_label":"no_significant_change"}},{"type":"Feature","geometry":{"type":"Polygon","coordinates":[[[79.9501322,12.9532004],[79.9501546,12.9535717],[79.9503799,12.9535622],[79.9503572,12.953197],[79.9501322,12.9532004]]]},"properties":{"ulpin":"TF2CEQ1BBF799C","survey_no":"104","sub_division":null,"state":"TN","village":"Sriperumbudur (R)","land_use":"residential","zone_code":"R2","area_sqm":996.58,"owner_name":"Gopal Nadig","ownership_type":"patta","story":null,"s2_label":"no_significant_change"}},{"type":"Feature","geometry":{"type":"Polygon","coordinates":[[[79.9503414,12.9527985],[79.9503394,12.9531973],[79.9505529,12.9531941],[79.9505451,12.9527788],[79.9503414,12.9527985]]]},"properties":{"ulpin":"TF2CEQ40A23DD9","survey_no":"105/6","sub_division":"6","state":"TN","village":"Sriperumbudur (R)","land_use":"agricultural","zone_code":"AG","area_sqm":1019.53,"owner_name":"Ezhilarasan Venkatesan","ownership_type":"patta","story":null,"s2_label":"no_significant_change"}},{"type":"Feature","geometry":{"type":"Polygon","coordinates":[[[79.9501092,12.9528209],[79.9501322,12.9532004],[79.9503394,12.9531973],[79.9503414,12.9527985],[79.9501092,12.9528209]]]},"properties":{"ulpin":"TF2CEQ1B574924","survey_no":"105/5","sub_division":"5","state":"TN","village":"Sriperumbudur (R)","land_use":"agricultural","zone_code":"AG","area_sqm":1027.39,"owner_name":"Saumya Bail","ownership_type":"patta","story":null,"s2_label":"no_significant_change"}},{"type":"Feature","geometry":{"type":"Polygon","coordinates":[[[79.9507976,12.9537624],[79.9511528,12.9537577],[79.9511801,12.9535283],[79.9507861,12.953545],[79.9507976,12.9537624]]]},"properties":{"ulpin":"TF2CEQ4AD16F90","survey_no":"102/3","sub_division":"3","state":"TN","village":"Sriperumbudur (R)","land_use":"commercial","zone_code":"C1","area_sqm":1003.45,"owner_name":"Kamala Annamalai","ownership_type":"patta","story":null,"s2_label":"no_significant_change"}},{"type":"Feature","geometry":{"type":"Polygon","coordinates":[[[79.9508153,12.9540992],[79.9511101,12.9540898],[79.9511265,12.953979],[79.9511528,12.9537577],[79.9507976,12.9537624],[79.9508153,12.9540992]]]},"properties":{"ulpin":"TF2CEQ4234BBFB","survey_no":"101/1","sub_division":"1","state":"TN","village":"Sriperumbudur (R)","land_use":"agricultural","zone_code":"AG","area_sqm":1307.26,"owner_name":"Tamilselvan Srinivasan","ownership_type":"patta","story":null,"s2_label":"no_significant_change"}},{"type":"Feature","geometry":{"type":"Polygon","coordinates":[[[79.9505274,12.9541083],[79.9508153,12.9540992],[79.9508028,12.9538618],[79.9505081,12.953873],[79.9505274,12.9541083]]]},"properties":{"ulpin":"TF2CEQ476901A1","survey_no":"100","sub_division":null,"state":"TN","village":"Sriperumbudur (R)","land_use":"vacant","zone_code":"R2","area_sqm":827.85,"owner_name":"Kalaiselvi Subramanian","ownership_type":"patta","story":null,"s2_label":"no_significant_change"}},{"type":"Feature","geometry":{"type":"Polygon","coordinates":[[[79.9505081,12.953873],[79.9508028,12.9538618],[79.9507861,12.953545],[79.9504822,12.9535578],[79.9505081,12.953873]]]},"properties":{"ulpin":"TF2CEQ4AAD1756","survey_no":"102/2","sub_division":"2","state":"TN","village":"Sriperumbudur (R)","land_use":"residential","zone_code":"R2","area_sqm":1138.07,"owner_name":"Kalaiselvi Krishnan","ownership_type":"patta","story":null,"s2_label":"no_significant_change"}},{"type":"Feature","geometry":{"type":"Polygon","coordinates":[[[79.9510404,12.9545498],[79.951056,12.9544576],[79.9511101,12.9540898],[79.9508682,12.9540975],[79.9509064,12.9545555],[79.9510404,12.9545498]]]},"properties":{"ulpin":"TF2CEQ6D3EF567","survey_no":"98/1","sub_division":"1","state":"TN","village":"Sriperumbudur (R)","land_use":"agricultural","zone_code":"AG","area_sqm":1038.27,"owner_name":"Tamilselvan Raman","ownership_type":"patta","story":null,"s2_label":"no_significant_change"}},{"type":"Feature","geometry":{"type":"Polygon","coordinates":[[[79.9508682,12.9540975],[79.9505274,12.9541083],[79.9505497,12.9543801],[79.9508909,12.954369],[79.9508682,12.9540975]]]},"properties":{"ulpin":"TF2CEQ4470E23C","survey_no":"97","sub_division":null,"state":"TN","village":"Sriperumbudur (R)","land_use":"residential","zone_code":"R2","area_sqm":1114.09,"owner_name":"Duraisamy Annamalai","ownership_type":"patta","story":null,"s2_label":"no_significant_change"}},{"type":"Feature","geometry":{"type":"Polygon","coordinates":[[[79.9508909,12.954369],[79.9505497,12.9543801],[79.9505654,12.9545702],[79.9509064,12.9545555],[79.9508909,12.954369]]]},"properties":{"ulpin":"TF2CEQ6C0B33A5","survey_no":"93/2","sub_division":"2","state":"TN","village":"Sriperumbudur (R)","land_use":"residential","zone_code":"R2","area_sqm":773.12,"owner_name":"Arumugam Elumalai","ownership_type":"patta","story":null,"s2_label":"no_significant_change"}},{"type":"Feature","geometry":{"type":"Polygon","coordinates":[[[79.9500836,12.9538276],[79.9497618,12.9538282],[79.9497903,12.9541785],[79.9501016,12.9541613],[79.9500836,12.9538276]]]},"properties":{"ulpin":"TF2CEQ1A5AE792","survey_no":"98/3","sub_division":"3","state":"TN","village":"Sriperumbudur (R)","land_use":"residential","zone_code":"R2","area_sqm":1301.25,"owner_name":"Murugan Perumal","ownership_type":"joint","story":null,"s2_label":"no_significant_change"}},{"type":"Feature","geometry":{"type":"Polygon","coordinates":[[[79.9500699,12.9535753],[79.9497424,12.9535892],[79.9497618,12.9538282],[79.9500836,12.9538276],[79.9500699,12.9535753]]]},"properties":{"ulpin":"TF2CEQ1160D750","survey_no":"101/5","sub_division":"5","state":"TN","village":"Sriperumbudur (R)","land_use":"residential","zone_code":"R2","area_sqm":958.31,"owner_name":"Bharathi Sekar","ownership_type":"joint","story":null,"s2_label":"no_significant_change"}},{"type":"Feature","geometry":{"type":"Polygon","coordinates":[[[79.9500699,12.9535753],[79.9500888,12.9539253],[79.9503032,12.9539064],[79.9503026,12.9535655],[79.9500699,12.9535753]]]},"properties":{"ulpin":"TF2CEQ19058693","survey_no":"101/6","sub_division":"6","state":"TN","village":"Sriperumbudur (R)","land_use":"residential","zone_code":"R2","area_sqm":928.3,"owner_name":"Velu Govindarajan","ownership_type":"patta","story":null,"s2_label":"no_significant_change"}},{"type":"Feature","geometry":{"type":"Polygon","coordinates":[[[79.9503026,12.9535655],[79.9503032,12.9539064],[79.9505094,12.9538883],[79.9504822,12.9535578],[79.9503026,12.9535655]]]},"properties":{"ulpin":"TF2CEQ4DC1A7C9","survey_no":"102/1","sub_division":"1","state":"TN","village":"Sriperumbudur (R)","land_use":"residential","zone_code":"R2","area_sqm":778.97,"owner_name":"Selvi Chidambaram","ownership_type":"patta","story":null,"s2_label":"no_significant_change"}},{"type":"Feature","geometry":{"type":"Polygon","coordinates":[[[79.9505094,12.9538883],[79.9500888,12.9539253],[79.9501016,12.9541613],[79.9505298,12.9541376],[79.9505094,12.9538883]]]},"properties":{"ulpin":"TF2CEQ4984DE94","survey_no":"99","sub_division":null,"state":"TN","village":"Sriperumbudur (R)","land_use":"residential","zone_code":"R2","area_sqm":1241.55,"owner_name":"Velu Chidambaram","ownership_type":"patta","story":null,"s2_label":"no_significant_change"}},{"type":"Feature","geometry":{"type":"Polygon","coordinates":[[[79.9505464,12.9543394],[79.9501225,12.9543601],[79.9501474,12.9545881],[79.9505654,12.9545702],[79.9505464,12.9543394]]]},"properties":{"ulpin":"TF2CEQ6F20D01C","survey_no":"93/1","sub_division":"1","state":"TN","village":"Sriperumbudur (R)","land_use":"residential","zone_code":"R2","area_sqm":1163.65,"owner_name":"Vetrivel Ramalingam","ownership_type":"patta","story":null,"s2_label":"no_significant_change"}},{"type":"Feature","geometry":{"type":"Polygon","coordinates":[[[79.9505298,12.9541376],[79.9501009,12.9541613],[79.9501225,12.9543601],[79.9505464,12.9543394],[79.9505298,12.9541376]]]},"properties":{"ulpin":"TF2CEQ456F707A","survey_no":"96","sub_division":null,"state":"TN","village":"Sriperumbudur (R)","land_use":"vacant","zone_code":"R2","area_sqm":1029.63,"owner_name":"Palaniappan Palanisamy","ownership_type":"patta","story":null,"s2_label":"no_significant_change"}},{"type":"Feature","geometry":{"type":"Polygon","coordinates":[[[79.9501009,12.9541613],[79.9497903,12.9541785],[79.9498064,12.9543763],[79.9501212,12.9543481],[79.9501009,12.9541613]]]},"properties":{"ulpin":"TF2CEQ31682500","survey_no":"95","sub_division":null,"state":"TN","village":"Sriperumbudur (R)","land_use":"residential","zone_code":"R2","area_sqm":726.43,"owner_name":"Chavvi Om","ownership_type":"patta","story":null,"s2_label":"no_significant_change"}},{"type":"Feature","geometry":{"type":"Polygon","coordinates":[[[79.9501212,12.9543481],[79.9498064,12.9543763],[79.9498247,12.954602],[79.9501474,12.9545881],[79.9501212,12.9543481]]]},"properties":{"ulpin":"TF2CEQ319ACA61","survey_no":"92","sub_division":null,"state":"TN","village":"Sriperumbudur (R)","land_use":"residential","zone_code":"R2","area_sqm":896.03,"owner_name":"Rajendran Rathinam","ownership_type":"patta","story":null,"s2_label":"no_significant_change"}},{"type":"Feature","geometry":{"type":"Polygon","coordinates":[[[79.9506942,12.9545646],[79.9507218,12.9548995],[79.9509815,12.9548997],[79.9510404,12.9545498],[79.9506942,12.9545646]]]},"properties":{"ulpin":"TF2CEQ693CF177","survey_no":"91/2","sub_division":"2","state":"TN","village":"Sriperumbudur (R)","land_use":"agricultural","zone_code":"AG","area_sqm":1243.03,"owner_name":"Karthik Kandasamy","ownership_type":"patta","story":null,"s2_label":"no_significant_change"}},{"type":"Feature","geometry":{"type":"Polygon","coordinates":[[[79.9503736,12.9545784],[79.9504028,12.9548994],[79.9507218,12.9548995],[79.9506942,12.9545646],[79.9503736,12.9545784]]]},"properties":{"ulpin":"TF2CEQ607DB330","survey_no":"91/1","sub_division":"1","state":"TN","village":"Sriperumbudur (R)","land_use":"residential","zone_code":"R2","area_sqm":1260.69,"owner_name":"Ponni Rathinam","ownership_type":"patta","story":null,"s2_label":"no_significant_change"}},{"type":"Feature","geometry":{"type":"Polygon","coordinates":[[[79.9509102,12.9552962],[79.9509752,12.9549371],[79.9509815,12.9548997],[79.9506477,12.9548995],[79.9506404,12.9552848],[79.9508048,12.9552915],[79.950805,12.9552915],[79.9509102,12.9552962]]]},"properties":{"ulpin":"TF2CEQ6E46D964","survey_no":"88/2","sub_division":"2","state":"TN","village":"Sriperumbudur (R)","land_use":"agricultural","zone_code":"AG","area_sqm":1418.88,"owner_name":"Chakradev Bath","ownership_type":"patta","story":null,"s2_label":"no_significant_change"}},{"type":"Feature","geometry":{"type":"Polygon","coordinates":[[[79.9504028,12.9548994],[79.9504373,12.9552766],[79.9506404,12.9552848],[79.9506477,12.9548995],[79.9504028,12.9548994]]]},"properties":{"ulpin":"TF2CEQ657D22A3","survey_no":"88/1","sub_division":"1","state":"TN","village":"Sriperumbudur (R)","land_use":"agricultural","zone_code":"AG","area_sqm":1024.12,"owner_name":"Edhitha Dayal","ownership_type":"patta","story":null,"s2_label":"no_significant_change"}},{"type":"Feature","geometry":{"type":"Polygon","coordinates":[[[79.9500942,12.9545904],[79.9501117,12.9549577],[79.9504073,12.9549477],[79.9503736,12.9545784],[79.9500942,12.9545904]]]},"properties":{"ulpin":"TF2CEQ3293BFF0","survey_no":"90","sub_division":null,"state":"TN","village":"Sriperumbudur (R)","land_use":"residential","zone_code":"R2","area_sqm":1273.54,"owner_name":"Abdul Radhakrishnan","ownership_type":"joint","story":null,"s2_label":"no_significant_change"}},{"type":"Feature","geometry":{"type":"Polygon","coordinates":[[[79.9498247,12.954602],[79.9498544,12.9549663],[79.9501117,12.9549577],[79.9500942,12.9545904],[79.9498247,12.954602]]]},"properties":{"ulpin":"TF2CEQ34F691FD","survey_no":"89/2B","sub_division":"2B","state":"TN","village":"Sriperumbudur (R)","land_use":"residential","zone_code":"R2","area_sqm":1158.9,"owner_name":"Government of Tamil Nadu","ownership_type":"govt","story":null,"s2_label":"no_significant_change"}},{"type":"Feature","geometry":{"type":"Polygon","coordinates":[[[79.9504073,12.9549477],[79.950124,12.9549572],[79.9501338,12.9552654],[79.9503823,12.9552744],[79.9503826,12.9552744],[79.9504373,12.9552766],[79.9504073,12.9549477]]]},"properties":{"ulpin":"TF2CEQ61DA6A99","survey_no":"87/3","sub_division":"3","state":"TN","village":"Sriperumbudur (R)","land_use":"agricultural","zone_code":"AG","area_sqm":1120.65,"owner_name":"Ayush Hora","ownership_type":"patta","story":null,"s2_label":"no_significant_change"}},{"type":"Feature","geometry":{"type":"Polygon","coordinates":[[[79.9498544,12.9549663],[79.949878,12.9552566],[79.9499599,12.9552591],[79.9499601,12.9552591],[79.9501338,12.9552654],[79.950124,12.9549572],[79.9498544,12.9549663]]]},"properties":{"ulpin":"TF2CEQ3E99294B","survey_no":"87/2","sub_division":"2","state":"TN","village":"Sriperumbudur (R)","land_use":"residential","zone_code":"R2","area_sqm":942.61,"owner_name":"Jagat Sani","ownership_type":"patta","story":null,"s2_label":"no_significant_change"}},{"type":"Feature","geometry":{"type":"Polygon","coordinates":[[[79.9550706,12.9497862],[79.954531,12.9497893],[79.9545497,12.9501675],[79.9545498,12.9501685],[79.9545637,12.9506479],[79.9545637,12.950649],[79.9545656,12.9508892],[79.955429,12.9508497],[79.955433,12.9506561],[79.955433,12.9506558],[79.9554462,12.9501761],[79.9554462,12.9501757],[79.95546,12.9497859],[79.9550706,12.9497862]]]},"properties":{"ulpin":"TF2CEMT323A11C","survey_no":"178/2","sub_division":"2","state":"TN","village":"Sriperumbudur (R)","land_use":"agricultural","zone_code":"AG","area_sqm":11560.5,"owner_name":"Anita Garg","ownership_type":"patta","story":null,"s2_label":"no_significant_change"}},{"type":"Feature","geometry":{"type":"Polygon","coordinates":[[[79.9545674,12.9511287],[79.9545674,12.9511298],[79.9545611,12.9516099],[79.9545611,12.9516108],[79.9545517,12.9518949],[79.9550579,12.9518877],[79.9550586,12.9518877],[79.9554141,12.9518864],[79.9554164,12.9516166],[79.9554164,12.9516164],[79.9554232,12.9511363],[79.9554232,12.951136],[79.955429,12.9508497],[79.9545656,12.9508892],[79.9545674,12.9511287]]]},"properties":{"ulpin":"TF2CEMT2F956C2","survey_no":"178/1","sub_division":"1","state":"TN","village":"Sriperumbudur (R)","land_use":"agricultural","zone_code":"AG","area_sqm":10494.8,"owner_name":"Palaniappan Elumalai","ownership_type":"patta","story":null,"s2_label":"no_significant_change"}},{"type":"Feature","geometry":{"type":"Polygon","coordinates":[[[79.9543081,12.9554476],[79.954604,12.9554574],[79.9550259,12.9554688],[79.9554139,12.9554768],[79.955414,12.9554595],[79.9554147,12.9549793],[79.955414,12.9544991],[79.9554127,12.9540241],[79.954414,12.9540352],[79.9543766,12.9544984],[79.9543398,12.9549791],[79.9543081,12.9554476]]]},"properties":{"ulpin":"TF2CEQMC0AF48C","survey_no":"131","sub_division":null,"state":"TN","village":"Sriperumbudur (R)","land_use":"agricultural","zone_code":"AG","area_sqm":18157.64,"owner_name":"Muthu Subramanian","ownership_type":"patta","story":null,"s2_label":"no_significant_change"}},{"type":"Feature","geometry":{"type":"Polygon","coordinates":[[[79.9554127,12.9540187],[79.9554113,12.9535383],[79.9554113,12.9535382],[79.9554103,12.9530579],[79.9554103,12.9530577],[79.9554105,12.9525774],[79.9554105,12.9525773],[79.9554124,12.952097],[79.9554124,12.9520968],[79.955413,12.952022],[79.9550595,12.9520233],[79.9545472,12.9520306],[79.9545452,12.9520913],[79.9545452,12.9520921],[79.9545209,12.9525728],[79.9545209,12.9525735],[79.9544899,12.9530544],[79.9544899,12.9530548],[79.954454,12.9535359],[79.954454,12.9535362],[79.9544155,12.9540173],[79.954414,12.9540352],[79.9554127,12.9540241],[79.9554127,12.9540187]]]},"properties":{"ulpin":"TF2CEQJ168F8C1","survey_no":"132","sub_division":null,"state":"TN","village":"Sriperumbudur (R)","land_use":"agricultural","zone_code":"AG","area_sqm":22206.88,"owner_name":"Palaniappan Perumal","ownership_type":"patta","story":null,"s2_label":"no_significant_change"}},{"type":"Feature","geometry":{"type":"Polygon","coordinates":[[[78.405332,17.2484572],[78.405402,17.2470876],[78.404863,17.2470589],[78.4047278,17.2470525],[78.4046946,17.2484378],[78.405332,17.2484572]]]},"properties":{"ulpin":"TEPF05U6802FE8","survey_no":"75/3A","sub_division":"3A","state":"TG","village":"Shamshabad (R)","land_use":"agricultural","zone_code":"AG","area_sqm":10662.31,"owner_name":"Chandra Sekhar Vanga","ownership_type":"patta","story":null,"s2_label":"no_significant_change"}},{"type":"Feature","geometry":{"type":"Polygon","coordinates":[[[78.4037486,17.2470104],[78.4038185,17.2484111],[78.4046946,17.2484378],[78.4047278,17.2470525],[78.4042789,17.2470314],[78.4037486,17.2470104]]]},"properties":{"ulpin":"TEPF05UCF7FDA9","survey_no":"75/2","sub_division":"2","state":"TG","village":"Shamshabad (R)","land_use":"agricultural","zone_code":"AG","area_sqm":15229.35,"owner_name":"Venkateswarlu Devarakonda","ownership_type":"patta","story":null,"s2_label":"no_significant_change"}},{"type":"Feature","geometry":{"type":"Polygon","coordinates":[[[78.4038674,17.2493918],[78.4052841,17.2493959],[78.405332,17.2484572],[78.4038185,17.2484111],[78.4038674,17.2493918]]]},"properties":{"ulpin":"TEPF0HH53FCCB3","survey_no":"69/4","sub_division":"4","state":"TG","village":"Shamshabad (R)","land_use":"agricultural","zone_code":"AG","area_sqm":16566.52,"owner_name":"Hema Raghavan","ownership_type":"patta","story":null,"s2_label":"no_significant_change"}},{"type":"Feature","geometry":{"type":"Polygon","coordinates":[[[78.4053393,17.2483147],[78.4052841,17.2493959],[78.4060908,17.2493983],[78.4060611,17.2483441],[78.4053393,17.2483147]]]},"properties":{"ulpin":"TEPF0HJ872D8E3","survey_no":"69/5","sub_division":"5","state":"TG","village":"Shamshabad (R)","land_use":"agricultural","zone_code":"AG","area_sqm":9616.18,"owner_name":"Kalyani Siddipet","ownership_type":"joint","story":null,"s2_label":"no_significant_change"}},{"type":"Feature","geometry":{"type":"Polygon","coordinates":[[[78.4060611,17.2483441],[78.4060908,17.2493983],[78.4072716,17.2494017],[78.4072548,17.2491089],[78.4072258,17.2486248],[78.4072114,17.248391],[78.4060611,17.2483441]]]},"properties":{"ulpin":"TEPF0HJ54A4790","survey_no":"70","sub_division":null,"state":"TG","village":"Shamshabad (R)","land_use":"agricultural","zone_code":"AG","area_sqm":14169.09,"owner_name":"Anasuya Naik","ownership_type":"joint","story":null,"s2_label":"no_significant_change"}},{"type":"Feature","geometry":{"type":"Polygon","coordinates":[[[78.4060316,17.2471241],[78.4054473,17.24709],[78.405402,17.2470876],[78.4053393,17.2483147],[78.4062048,17.24835],[78.4062626,17.2471384],[78.4060316,17.2471241]]]},"properties":{"ulpin":"TEPF05VA96B39B","survey_no":"75/3B","sub_division":"3B","state":"TG","village":"Shamshabad (R)","land_use":"industrial","zone_code":"IND","area_sqm":12432.89,"owner_name":"Sailu Mudiraj","ownership_type":"patta","story":null,"s2_label":"no_significant_change"}},{"type":"Feature","geometry":{"type":"Polygon","coordinates":[[[78.4071663,17.2476565],[78.4071663,17.2476564],[78.4071385,17.2471934],[78.406616,17.2471602],[78.4062626,17.2471384],[78.4062048,17.24835],[78.4072114,17.248391],[78.407196,17.2481406],[78.4071663,17.2476565]]]},"properties":{"ulpin":"TEPF05Y5B9CFFC","survey_no":"75/4","sub_division":"4","state":"TG","village":"Shamshabad (R)","land_use":"industrial","zone_code":"IND","area_sqm":13354.34,"owner_name":"Shamshabad Municipality","ownership_type":"govt","story":null,"s2_label":"no_significant_change"}},{"type":"Feature","geometry":{"type":"Polygon","coordinates":[[[78.4073785,17.2520123],[78.4073666,17.2515285],[78.4073514,17.251067],[78.4058897,17.2511272],[78.4058986,17.2521461],[78.4073808,17.2521534],[78.4073785,17.2520123]]]},"properties":{"ulpin":"TEPF0HTCCFC967","survey_no":"63/5","sub_division":"5","state":"TG","village":"Shamshabad (R)","land_use":"agricultural","zone_code":"AG","area_sqm":18282.54,"owner_name":"Pardhasaradhi Rachakonda","ownership_type":"patta","story":null,"s2_label":"no_significant_change"}},{"type":"Feature","geometry":{"type":"Polygon","coordinates":[[[78.4065428,17.2529643],[78.4071268,17.252961],[78.407389,17.2529574],[78.4073861,17.252496],[78.4073808,17.2521534],[78.4058986,17.2521461],[78.4059056,17.2529614],[78.4059588,17.2529621],[78.4065428,17.2529643]]]},"properties":{"ulpin":"TEPF0HT193460A","survey_no":"63/2","sub_division":"2","state":"TG","village":"Shamshabad (R)","land_use":"agricultural","zone_code":"AG","area_sqm":14202.14,"owner_name":"Lakshmi Reddy","ownership_type":"patta","story":null,"s2_label":"no_significant_change"}},{"type":"Feature","geometry":{"type":"Polygon","coordinates":[[[78.404025,17.2524464],[78.4040353,17.2526572],[78.4040459,17.2528681],[78.4040482,17.2529139],[78.4042071,17.2529207],[78.404791,17.2529403],[78.4053749,17.2529542],[78.4059056,17.2529614],[78.4058992,17.252223],[78.4040167,17.2522613],[78.404025,17.2524464]]]},"properties":{"ulpin":"TEPF0HSB5DE2F3","survey_no":"63/1","sub_division":"1","state":"TG","village":"Shamshabad (R)","land_use":"agricultural","zone_code":"AG","area_sqm":15429.48,"owner_name":"Sarojini Reddy","ownership_type":"patta","story":null,"s2_label":"no_significant_change"}},{"type":"Feature","geometry":{"type":"Polygon","coordinates":[[[78.4040075,17.2520254],[78.4040156,17.2522358],[78.4040167,17.2522613],[78.4048807,17.2522437],[78.4049056,17.2511677],[78.4039965,17.2512051],[78.4039954,17.2513952],[78.403997,17.2516051],[78.4040011,17.2518151],[78.4040075,17.2520254]]]},"properties":{"ulpin":"TEPF0HSAE68985","survey_no":"63/3","sub_division":"3","state":"TG","village":"Shamshabad (R)","land_use":"agricultural","zone_code":"AG","area_sqm":11193.95,"owner_name":"Gaurangi Varkey","ownership_type":"patta","story":null,"s2_label":"no_significant_change"}},{"type":"Feature","geometry":{"type":"Polygon","coordinates":[[[78.4058992,17.252223],[78.4058897,17.2511272],[78.4049056,17.2511677],[78.4048807,17.2522437],[78.4058992,17.252223]]]},"properties":{"ulpin":"TEPF0HTCBD865C","survey_no":"63/4","sub_division":"4","state":"TG","village":"Shamshabad (R)","land_use":"agricultural","zone_code":"AG","area_sqm":12809.09,"owner_name":"Kamala Devarakonda","ownership_type":"patta","story":null,"s2_label":"no_significant_change"}},{"type":"Feature","geometry":{"type":"Polygon","coordinates":[[[78.4040077,17.250784],[78.4043187,17.250811],[78.4043093,17.25091],[78.4040042,17.2508834],[78.4040009,17.2509759],[78.4039966,17.2511854],[78.4039965,17.2512051],[78.4054246,17.2511463],[78.4054245,17.2501588],[78.4039064,17.2501714],[78.4039213,17.2504698],[78.4039298,17.2503415],[78.404033,17.2503479],[78.404019,17.2505573],[78.4040083,17.2507666],[78.4040077,17.250784]]]},"properties":{"ulpin":"TEPF0HKDF83B51","survey_no":"65","sub_division":null,"state":"TG","village":"Shamshabad (R)","land_use":"agricultural","zone_code":"AG","area_sqm":16692.4,"owner_name":"Bhavani Naik","ownership_type":"patta","story":null,"s2_label":"no_significant_change"}},{"type":"Feature","geometry":{"type":"Polygon","coordinates":[[[78.4054244,17.2493963],[78.4038674,17.2493918],[78.4039064,17.2501714],[78.4054245,17.2501588],[78.4054244,17.2493963]]]},"properties":{"ulpin":"TEPF0HH421B45C","survey_no":"68/2","sub_division":"2","state":"TG","village":"Shamshabad (R)","land_use":"agricultural","zone_code":"AG","area_sqm":13968.02,"owner_name":"Ravindra Goud","ownership_type":"joint","story":null,"s2_label":"no_significant_change"}},{"type":"Feature","geometry":{"type":"Polygon","coordinates":[[[78.4054245,17.250293],[78.406418,17.2502706],[78.4064597,17.2493993],[78.4054244,17.2493963],[78.4054245,17.250293]]]},"properties":{"ulpin":"TEPF0HJ2C02605","survey_no":"69/1","sub_division":"1","state":"TG","village":"Shamshabad (R)","land_use":"agricultural","zone_code":"AG","area_sqm":10562.72,"owner_name":"Sarojini Reddy","ownership_type":"patta","story":null,"s2_label":"no_significant_change"}},{"type":"Feature","geometry":{"type":"Polygon","coordinates":[[[78.4054246,17.2511463],[78.406378,17.2511071],[78.406418,17.2502706],[78.4054245,17.250293],[78.4054246,17.2511463]]]},"properties":{"ulpin":"TEPF0HM164A83C","survey_no":"64","sub_division":null,"state":"TG","village":"Shamshabad (R)","land_use":"agricultural","zone_code":"AG","area_sqm":9683.41,"owner_name":"Mallikarjuna Reddy","ownership_type":"patta","story":null,"s2_label":"no_significant_change"}},{"type":"Feature","geometry":{"type":"Polygon","coordinates":[[[78.4073506,17.2510446],[78.407331,17.2505608],[78.4073081,17.2500769],[78.4072825,17.2495929],[78.4072716,17.2494017],[78.4064597,17.2493993],[78.406378,17.2511071],[78.4073514,17.251067],[78.4073506,17.2510446]]]},"properties":{"ulpin":"TEPF0HQB7B6C6A","survey_no":"67/2","sub_division":"2","state":"TG","village":"Shamshabad (R)","land_use":"agricultural","zone_code":"AG","area_sqm":17789.91,"owner_name":"Lakshmi Rachakonda","ownership_type":"patta","story":null,"s2_label":"no_significant_change"}},{"type":"Feature","geometry":{"type":"Polygon","coordinates":[[[78.4018936,17.2484991],[78.4010924,17.2485281],[78.4011092,17.2490813],[78.401913,17.2490611],[78.4018936,17.2484991]]]},"properties":{"ulpin":"TEPF0H4596BA76","survey_no":"69/3B","sub_division":"3B","state":"TG","village":"Shamshabad (R)","land_use":"agricultural","zone_code":"AG","area_sqm":5277.49,"owner_name":"Ratnam Siddipet","ownership_type":"patta","story":null,"s2_label":"no_significant_change"}},{"type":"Feature","geometry":{"type":"Polygon","coordinates":[[[78.4018696,17.2478059],[78.4010721,17.2478571],[78.4010924,17.2485281],[78.4018936,17.2484991],[78.4018696,17.2478059]]]},"properties":{"ulpin":"TEPF05F3ED9559","survey_no":"73/1","sub_division":"1","state":"TG","village":"Shamshabad (R)","land_use":"agricultural","zone_code":"AG","area_sqm":6434.5,"owner_name":"Naga Raju Rachakonda","ownership_type":"patta","story":null,"s2_label":"no_significant_change"}},{"type":"Feature","geometry":{"type":"Polygon","coordinates":[[[78.4011092,17.2490813],[78.4010721,17.2478571],[78.400493,17.2478942],[78.4005022,17.2490966],[78.4011092,17.2490813]]]},"properties":{"ulpin":"TEPF05CEF74A84","survey_no":"71/2A","sub_division":"2A","state":"TG","village":"Shamshabad (R)","land_use":"agricultural","zone_code":"AG","area_sqm":8484.41,"owner_name":"Swarna Latha Mudiraj","ownership_type":"patta","story":null,"s2_label":"no_significant_change"}},{"type":"Feature","geometry":{"type":"Polygon","coordinates":[[[78.4017741,17.2473722],[78.4017557,17.2475769],[78.4016527,17.2475683],[78.4016712,17.2473632],[78.4016712,17.2473624],[78.4016931,17.2471576],[78.4016932,17.2471569],[78.401716,17.2469707],[78.4013596,17.2469703],[78.4011144,17.2469726],[78.401113,17.2478545],[78.4018696,17.2478059],[78.4018408,17.2469708],[78.4018201,17.2469708],[78.4017959,17.2471681],[78.4017741,17.2473722]]]},"properties":{"ulpin":"TEPF05FB9F1BB5","survey_no":"79/1","sub_division":"1","state":"TG","village":"Shamshabad (R)","land_use":"agricultural","zone_code":"AG","area_sqm":6774.81,"owner_name":"Suresh Kumar Bandi","ownership_type":"patta","story":null,"s2_label":"no_significant_change"}},{"type":"Feature","geometry":{"type":"Polygon","coordinates":[[[78.4011138,17.2473866],[78.4011144,17.2469726],[78.4007831,17.2469757],[78.4007968,17.2473918],[78.4011138,17.2473866]]]},"properties":{"ulpin":"TEPF05C5401530","survey_no":"81/2","sub_division":"2","state":"TG","village":"Shamshabad (R)","land_use":"commercial","zone_code":"C1","area_sqm":1585.55,"owner_name":"Swarna Latha Goud","ownership_type":"patta","story":null,"s2_label":"no_significant_change"}},{"type":"Feature","geometry":{"type":"Polygon","coordinates":[[[78.4004892,17.2473968],[78.4007968,17.2473918],[78.4007831,17.2469757],[78.4007758,17.2469757],[78.400486,17.2469814],[78.4004892,17.2473968]]]},"properties":{"ulpin":"TEPF05C6BD3341","survey_no":"81/1","sub_division":"1","state":"TG","village":"Shamshabad (R)","land_use":"commercial","zone_code":"C1","area_sqm":1481.43,"owner_name":"Satyanarayana Malla","ownership_type":"patta","story":null,"s2_label":"no_significant_change"}},{"type":"Feature","geometry":{"type":"Polygon","coordinates":[[[78.4011138,17.2473866],[78.4007443,17.2473926],[78.400757,17.2476237],[78.4011134,17.2476053],[78.4011138,17.2473866]]]},"properties":{"ulpin":"TEPF05CE484A28","survey_no":"78/2","sub_division":"2","state":"TG","village":"Shamshabad (R)","land_use":"agricultural","zone_code":"AG","area_sqm":962.67,"owner_name":"Kondaiah Siddipet","ownership_type":"patta","story":null,"s2_label":"no_significant_change"}},{"type":"Feature","geometry":{"type":"Polygon","coordinates":[[[78.4011134,17.2476053],[78.400757,17.2476237],[78.400771,17.2478764],[78.401113,17.2478545],[78.4011134,17.2476053]]]},"properties":{"ulpin":"TEPF05CDA81C1C","survey_no":"75/1","sub_division":"1","state":"TG","village":"Shamshabad (R)","land_use":"agricultural","zone_code":"AG","area_sqm":1033.85,"owner_name":"Mohini Banerjee","ownership_type":"patta","story":null,"s2_label":"no_significant_change"}},{"type":"Feature","geometry":{"type":"Polygon","coordinates":[[[78.400771,17.2478764],[78.4007443,17.2473926],[78.4004892,17.2473968],[78.400493,17.2478942],[78.400771,17.2478764]]]},"properties":{"ulpin":"TEPF05C393DC12","survey_no":"74","sub_division":null,"state":"TG","village":"Shamshabad (R)","land_use":"agricultural","zone_code":"AG","area_sqm":1542.69,"owner_name":"Yadagiri Naik","ownership_type":"patta","story":null,"s2_label":"no_significant_change"}},{"type":"Feature","geometry":{"type":"Polygon","coordinates":[[[78.3995235,17.2485045],[78.3995236,17.248506],[78.3995333,17.2489902],[78.3995333,17.2489917],[78.3995337,17.2491209],[78.4005022,17.2490966],[78.4004946,17.2481027],[78.39951,17.2481321],[78.3995235,17.2485045]]]},"properties":{"ulpin":"TEPF0H12E0B69F","survey_no":"71/1","sub_division":"1","state":"TG","village":"Shamshabad (R)","land_use":"agricultural","zone_code":"AG","area_sqm":11377.98,"owner_name":"Sanya Char","ownership_type":"patta","story":null,"s2_label":"no_significant_change"}},{"type":"Feature","geometry":{"type":"Polygon","coordinates":[[[78.400284,17.2474672],[78.4002781,17.2478051],[78.4004923,17.2478058],[78.4004897,17.2474625],[78.400284,17.2474672]]]},"properties":{"ulpin":"TEPF05C3BB9AD2","survey_no":"73/5","sub_division":"5","state":"TG","village":"Shamshabad (R)","land_use":"agricultural","zone_code":"AG","area_sqm":842.48,"owner_name":"Koteswara Rao Gadwal","ownership_type":"patta","story":null,"s2_label":"new_construction"}},{"type":"Feature","geometry":{"type":"Polygon","coordinates":[[[78.4000441,17.2474727],[78.4000697,17.2478045],[78.4002781,17.2478051],[78.400284,17.2474672],[78.4000441,17.2474727]]]},"properties":{"ulpin":"TEPF05CCFEE8D3","survey_no":"73/4","sub_division":"4","state":"TG","village":"Shamshabad (R)","land_use":"agricultural","zone_code":"AG","area_sqm":884.68,"owner_name":"Siva Kumar Kancharla","ownership_type":"patta","story":null,"s2_label":"no_significant_change"}},{"type":"Feature","geometry":{"type":"Polygon","coordinates":[[[78.4002745,17.2478051],[78.4002608,17.2481097],[78.4004946,17.2481027],[78.4004923,17.2478058],[78.4002745,17.2478051]]]},"properties":{"ulpin":"TEPF05CB8D5C1C","survey_no":"72/4","sub_division":"4","state":"TG","village":"Shamshabad (R)","land_use":"vacant","zone_code":"AG","area_sqm":799.98,"owner_name":"Aryan Bassi","ownership_type":"joint","story":null,"s2_label":"no_significant_change"}},{"type":"Feature","geometry":{"type":"Polygon","coordinates":[[[78.4000697,17.2478045],[78.4000936,17.2481147],[78.4002608,17.2481097],[78.4002745,17.2478051],[78.4000697,17.2478045]]]},"properties":{"ulpin":"TEPF05C670080B","survey_no":"72/3","sub_division":"3","state":"TG","village":"Shamshabad (R)","land_use":"vacant","zone_code":"AG","area_sqm":673.59,"owner_name":"Chandra Sekhar Puligilla","ownership_type":"patta","story":null,"s2_label":"no_significant_change"}},{"type":"Feature","geometry":{"type":"Polygon","coordinates":[[[78.3997695,17.2478375],[78.3997437,17.2474795],[78.3994772,17.2474856],[78.3994804,17.2475335],[78.3994805,17.2475348],[78.3994969,17.2478476],[78.3997695,17.2478375]]]},"properties":{"ulpin":"TEPF05BEA0B9A9","survey_no":"73/2","sub_division":"2","state":"TG","village":"Shamshabad (R)","land_use":"commercial","zone_code":"C1","area_sqm":1144.4,"owner_name":"Kamala Goud","ownership_type":"joint","story":null,"s2_label":"no_significant_change"}},{"type":"Feature","geometry":{"type":"Polygon","coordinates":[[[78.4000714,17.2478264],[78.4000441,17.2474727],[78.3997437,17.2474795],[78.3997695,17.2478375],[78.4000714,17.2478264]]]},"properties":{"ulpin":"TEPF05CDA61FC3","survey_no":"73/3","sub_division":"3","state":"TG","village":"Shamshabad (R)","land_use":"agricultural","zone_code":"AG","area_sqm":1265.42,"owner_name":"Venkata Ramana Bandi","ownership_type":"patta","story":null,"s2_label":"no_significant_change"}},{"type":"Feature","geometry":{"type":"Polygon","coordinates":[[[78.4000936,17.2481147],[78.4000714,17.2478264],[78.3997417,17.2478386],[78.3997605,17.2481246],[78.4000936,17.2481147]]]},"properties":{"ulpin":"TEPF05CF38C4A9","survey_no":"72/2","sub_division":"2","state":"TG","village":"Shamshabad (R)","land_use":"agricultural","zone_code":"AG","area_sqm":1123.83,"owner_name":"Pardhasaradhi Pochampally","ownership_type":"patta","story":null,"s2_label":"no_significant_change"}},{"type":"Feature","geometry":{"type":"Polygon","coordinates":[[[78.3995059,17.2480203],[78.39951,17.2481321],[78.3997605,17.2481246],[78.3997417,17.2478386],[78.3994969,17.2478476],[78.3995058,17.2480189],[78.3995059,17.2480203]]]},"properties":{"ulpin":"TEPF05BF7777B4","survey_no":"72/1","sub_division":"1","state":"TG","village":"Shamshabad (R)","land_use":"commercial","zone_code":"C1","area_sqm":832.36,"owner_name":"Swarna Latha Vanga","ownership_type":"joint","story":null,"s2_label":"no_significant_change"}},{"type":"Feature","geometry":{"type":"Polygon","coordinates":[[[78.399448,17.2470494],[78.3994591,17.2472143],[78.399904,17.2472118],[78.3999055,17.2469956],[78.3996083,17.2470044],[78.3994449,17.2470107],[78.3994479,17.2470482],[78.399448,17.2470494]]]},"properties":{"ulpin":"TEPF05898FE8CF","survey_no":"79/3","sub_division":"3","state":"TG","village":"Shamshabad (R)","land_use":"commercial","zone_code":"C1","area_sqm":1122.47,"owner_name":"Jackson Sule","ownership_type":"patta","story":null,"s2_label":"no_significant_change"}},{"type":"Feature","geometry":{"type":"Polygon","coordinates":[[[78.3999021,17.2474759],[78.399904,17.2472118],[78.3996887,17.247213],[78.3996814,17.2474809],[78.3999021,17.2474759]]]},"properties":{"ulpin":"TEPF05B0C89809","survey_no":"79/4","sub_division":"4","state":"TG","village":"Shamshabad (R)","land_use":"commercial","zone_code":"C1","area_sqm":682.93,"owner_name":"Narsimha Kethavath","ownership_type":"joint","story":null,"s2_label":"no_significant_change"}},{"type":"Feature","geometry":{"type":"Polygon","coordinates":[[[78.3996814,17.2474809],[78.3996887,17.247213],[78.3994591,17.2472143],[78.3994772,17.2474856],[78.3996814,17.2474809]]]},"properties":{"ulpin":"TEPF05B5DB4E19","survey_no":"79/2","sub_division":"2","state":"TG","village":"Shamshabad (R)","land_use":"residential","zone_code":"C1","area_sqm":688.99,"owner_name":"Sambasiva Rao Devarakonda","ownership_type":"patta","story":null,"s2_label":"no_significant_change"}},{"type":"Feature","geometry":{"type":"Polygon","coordinates":[[[78.4002261,17.2474685],[78.4004897,17.2474625],[78.4004882,17.2472659],[78.4002264,17.2472653],[78.4002261,17.2474685]]]},"properties":{"ulpin":"TEPF05C7E40516","survey_no":"78/1","sub_division":"1","state":"TG","village":"Shamshabad (R)","land_use":"commercial","zone_code":"C1","area_sqm":618.74,"owner_name":"Abhimanyu Manda","ownership_type":"patta","story":null,"s2_label":"no_significant_change"}},{"type":"Feature","geometry":{"type":"Polygon","coordinates":[[[78.4002268,17.2469865],[78.4002264,17.2472653],[78.4004882,17.2472659],[78.400486,17.2469814],[78.4002268,17.2469865]]]},"properties":{"ulpin":"TEPF059FE12ECF","survey_no":"80/2","sub_division":"2","state":"TG","village":"Shamshabad (R)","land_use":"commercial","zone_code":"C1","area_sqm":864.42,"owner_name":"Hardik Ravel","ownership_type":"patta","story":null,"s2_label":"no_significant_change"}},{"type":"Feature","geometry":{"type":"Polygon","coordinates":[[[78.3999021,17.2474759],[78.4002261,17.2474685],[78.4002265,17.2472469],[78.3999037,17.2472492],[78.3999021,17.2474759]]]},"properties":{"ulpin":"TEPF05C823620F","survey_no":"76","sub_division":null,"state":"TG","village":"Shamshabad (R)","land_use":"commercial","zone_code":"C1","area_sqm":854.27,"owner_name":"Pranit Oak","ownership_type":"patta","story":null,"s2_label":"no_significant_change"}},{"type":"Feature","geometry":{"type":"Polygon","coordinates":[[[78.3999055,17.2469956],[78.3999037,17.2472492],[78.4002265,17.2472469],[78.4002268,17.2469865],[78.4001921,17.2469872],[78.3999055,17.2469956]]]},"properties":{"ulpin":"TEPF0593A36A53","survey_no":"80/1","sub_division":"1","state":"TG","village":"Shamshabad (R)","land_use":"residential","zone_code":"C1","area_sqm":975.51,"owner_name":"Isaac Bhargava","ownership_type":"joint","story":null,"s2_label":"no_significant_change"}},{"type":"Feature","geometry":{"type":"Polygon","coordinates":[[[78.4000609,17.2505934],[78.4000614,17.2505934],[78.4004809,17.2505969],[78.400582,17.2490945],[78.3995337,17.2491209],[78.3995349,17.249476],[78.3995349,17.2494775],[78.3995285,17.2499619],[78.3995284,17.2499634],[78.3995142,17.2504478],[78.3995142,17.2504492],[78.3995077,17.2505953],[78.3996344,17.250594],[78.3996349,17.250594],[78.4000609,17.2505934]]]},"properties":{"ulpin":"TEPF0H1448C72D","survey_no":"67/3","sub_division":"3","state":"TG","village":"Shamshabad (R)","land_use":"agricultural","zone_code":"AG","area_sqm":17589.86,"owner_name":"Lakshmi Pochampally","ownership_type":"patta","story":null,"s2_label":"no_significant_change"}},{"type":"Feature","geometry":{"type":"Polygon","coordinates":[[[78.4004878,17.2505969],[78.4009135,17.2506047],[78.4009141,17.2506047],[78.4013397,17.2506168],[78.4013402,17.2506168],[78.4017657,17.2506333],[78.4017662,17.2506333],[78.4019676,17.2506431],[78.401945,17.2499897],[78.4005243,17.2499514],[78.4004809,17.2505969],[78.4004873,17.2505969],[78.4004878,17.2505969]]]},"properties":{"ulpin":"TEPF0H62588950","survey_no":"66","sub_division":null,"state":"TG","village":"Shamshabad (R)","land_use":"agricultural","zone_code":"AG","area_sqm":11052.12,"owner_name":"Komuraiah Naik","ownership_type":"patta","story":null,"s2_label":"no_significant_change"}},{"type":"Feature","geometry":{"type":"Polygon","coordinates":[[[78.401913,17.2490611],[78.400582,17.2490945],[78.4005243,17.2499514],[78.401945,17.2499897],[78.401913,17.2490611]]]},"properties":{"ulpin":"TEPF0H47D05DDA","survey_no":"69/2","sub_division":"2","state":"TG","village":"Shamshabad (R)","land_use":"agricultural","zone_code":"AG","area_sqm":14471.5,"owner_name":"Ekbal Gola","ownership_type":"patta","story":null,"s2_label":"no_significant_change"}},{"type":"Feature","geometry":{"type":"Polygon","coordinates":[[[78.4036949,17.2470083],[78.403111,17.2469902],[78.4025272,17.2469777],[78.4019434,17.246971],[78.4018408,17.2469708],[78.4018692,17.2477924],[78.4037883,17.2478058],[78.4037486,17.2470104],[78.4036949,17.2470083]]]},"properties":{"ulpin":"TEPF05G4B60D38","survey_no":"81/3","sub_division":"3","state":"TG","village":"Shamshabad (R)","land_use":"agricultural","zone_code":"AG","area_sqm":18325.55,"owner_name":"Rama Devi Puligilla","ownership_type":"patta","story":null,"s2_label":"no_significant_change"}},{"type":"Feature","geometry":{"type":"Polygon","coordinates":[[[78.4026904,17.2488797],[78.402665,17.2477979],[78.4018692,17.2477924],[78.4019071,17.2488905],[78.4026904,17.2488797]]]},"properties":{"ulpin":"TEPF05F6DDAE74","survey_no":"71/2B","sub_division":"2B","state":"TG","village":"Shamshabad (R)","land_use":"vacant","zone_code":"AG","area_sqm":10140.71,"owner_name":"Padmavathi Vemula","ownership_type":"patta","story":null,"s2_label":"no_significant_change"}},{"type":"Feature","geometry":{"type":"Polygon","coordinates":[[[78.4038411,17.2488639],[78.4037883,17.2478058],[78.402665,17.2477979],[78.4026904,17.2488797],[78.4038411,17.2488639]]]},"properties":{"ulpin":"TEPF05G9A19CD7","survey_no":"71/3","sub_division":"3","state":"TG","village":"Shamshabad (R)","land_use":"agricultural","zone_code":"AG","area_sqm":14335.15,"owner_name":"Baljiwan Ahuja","ownership_type":"patta","story":null,"s2_label":"no_significant_change"}},{"type":"Feature","geometry":{"type":"Polygon","coordinates":[[[78.4038411,17.2488639],[78.4027449,17.248879],[78.40279,17.2498955],[78.4038899,17.2498416],[78.4038411,17.2488639]]]},"properties":{"ulpin":"TEPF0H572E1B2C","survey_no":"69/3A","sub_division":"3A","state":"TG","village":"Shamshabad (R)","land_use":"agricultural","zone_code":"AG","area_sqm":12918.46,"owner_name":"Rama Devi Gadwal","ownership_type":"patta","story":null,"s2_label":"no_significant_change"}},{"type":"Feature","geometry":{"type":"Polygon","coordinates":[[[78.4030433,17.2507074],[78.4034683,17.2507393],[78.4034686,17.2507393],[78.4038935,17.250774],[78.4038938,17.250774],[78.4039046,17.250775],[78.403905,17.2507628],[78.4039051,17.250762],[78.4039158,17.2505521],[78.4039158,17.2505514],[78.4039213,17.2504698],[78.4038899,17.2498416],[78.40279,17.2498955],[78.4028254,17.2506928],[78.4030429,17.2507074],[78.4030433,17.2507074]]]},"properties":{"ulpin":"TEPF0H735510C0","survey_no":"67/1","sub_division":"1","state":"TG","village":"Shamshabad (R)","land_use":"agricultural","zone_code":"AG","area_sqm":11200.24,"owner_name":"Nagamani Gadwal","ownership_type":"patta","story":null,"s2_label":"no_significant_change"}},{"type":"Feature","geometry":{"type":"Polygon","coordinates":[[[78.4026173,17.2506788],[78.4026178,17.2506789],[78.4028254,17.2506928],[78.4027449,17.248879],[78.4019071,17.2488905],[78.4019676,17.2506431],[78.4021916,17.250654],[78.4021921,17.2506541],[78.4026173,17.2506788]]]},"properties":{"ulpin":"TEPF0H41F2B7E7","survey_no":"68/1","sub_division":"1","state":"TG","village":"Shamshabad (R)","land_use":"agricultural","zone_code":"AG","area_sqm":17782.16,"owner_name":"Laksh Gokhale","ownership_type":"patta","story":null,"s2_label":"no_significant_change"}},{"type":"Feature","geometry":{"type":"Polygon","coordinates":[[[78.3965415,17.2498554],[78.3954642,17.2498962],[78.3954622,17.2499352],[78.3954621,17.249936],[78.395428,17.2504195],[78.395428,17.2504203],[78.3954023,17.2507161],[78.395796,17.2507044],[78.3962223,17.25069],[78.3965587,17.2506779],[78.3965415,17.2498554]]]},"properties":{"ulpin":"TEPDPUQE5315FB","survey_no":"104/1","sub_division":"1","state":"TG","village":"Shamshabad (R)","land_use":"agricultural","zone_code":"AG","area_sqm":10787.81,"owner_name":"Veeraiah Kancharla","ownership_type":"patta","story":null,"s2_label":"no_significant_change"}},{"type":"Feature","geometry":{"type":"Polygon","coordinates":[[[78.3965257,17.2491013],[78.3954991,17.2491391],[78.395488,17.2494505],[78.3954879,17.2494513],[78.3954642,17.2498962],[78.3965415,17.2498554],[78.3965257,17.2491013]]]},"properties":{"ulpin":"TEPDPUN685547B","survey_no":"106/1","sub_division":"1","state":"TG","village":"Shamshabad (R)","land_use":"agricultural","zone_code":"AG","area_sqm":9346.51,"owner_name":"Lekha Bhattacharyya","ownership_type":"joint","story":null,"s2_label":"no_significant_change"}},{"type":"Feature","geometry":{"type":"Polygon","coordinates":[[[78.3974546,17.249489],[78.3974541,17.2490671],[78.3971748,17.2490773],[78.3971565,17.2494786],[78.3974546,17.249489]]]},"properties":{"ulpin":"TEPDPUP08EE3B5","survey_no":"109/1","sub_division":"1","state":"TG","village":"Shamshabad (R)","land_use":"agricultural","zone_code":"R2","area_sqm":1400.02,"owner_name":"Yatan Mital","ownership_type":"patta","story":null,"s2_label":"no_significant_change"}},{"type":"Feature","geometry":{"type":"Polygon","coordinates":[[[78.3971565,17.2494786],[78.3971748,17.2490773],[78.3969639,17.2490851],[78.396967,17.2494719],[78.3971565,17.2494786]]]},"properties":{"ulpin":"TEPDPUP3885F74","survey_no":"108/5","sub_division":"5","state":"TG","village":"Shamshabad (R)","land_use":"residential","zone_code":"R2","area_sqm":929.18,"owner_name":"Nagamani Malla","ownership_type":"patta","story":null,"s2_label":"no_significant_change"}},{"type":"Feature","geometry":{"type":"Polygon","coordinates":[[[78.3972315,17.2498223],[78.3972392,17.2494815],[78.396967,17.2494719],[78.3969699,17.2498362],[78.3972315,17.2498223]]]},"properties":{"ulpin":"TEPDPUPE3CCDF3","survey_no":"107/1","sub_division":"1","state":"TG","village":"Shamshabad (R)","land_use":"residential","zone_code":"R2","area_sqm":1108.25,"owner_name":"Venkata Lakshmi Gattu","ownership_type":"joint","story":null,"s2_label":"no_significant_change"}},{"type":"Feature","geometry":{"type":"Polygon","coordinates":[[[78.3974549,17.2498104],[78.3974546,17.249489],[78.3972392,17.2494815],[78.3972315,17.2498223],[78.3974549,17.2498104]]]},"properties":{"ulpin":"TEPDPUPB89D875","survey_no":"107/2","sub_division":"2","state":"TG","village":"Shamshabad (R)","land_use":"residential","zone_code":"R2","area_sqm":855.82,"owner_name":"Bhavani Devarakonda","ownership_type":"patta","story":null,"s2_label":"no_significant_change"}},{"type":"Feature","geometry":{"type":"Polygon","coordinates":[[[78.396967,17.2494686],[78.3969639,17.2490851],[78.3967132,17.2490944],[78.3967443,17.2494813],[78.396967,17.2494686]]]},"properties":{"ulpin":"TEPDPUN9FE2AF8","survey_no":"108/4B","sub_division":"4B","state":"TG","village":"Shamshabad (R)","land_use":"residential","zone_code":"R2","area_sqm":1076.55,"owner_name":"Ekaja Deo","ownership_type":"patta","story":null,"s2_label":"no_significant_change"}},{"type":"Feature","geometry":{"type":"Polygon","coordinates":[[[78.3967443,17.2494813],[78.3967132,17.2490944],[78.3965257,17.2491013],[78.3965339,17.2494933],[78.3967443,17.2494813]]]},"properties":{"ulpin":"TEPDPUN72A710A","survey_no":"108/4A","sub_division":"4A","state":"TG","village":"Shamshabad (R)","land_use":"residential","zone_code":"R2","area_sqm":915.56,"owner_name":"Bhavani Devarakonda","ownership_type":"patta","story":null,"s2_label":"no_significant_change"}},{"type":"Feature","geometry":{"type":"Polygon","coordinates":[[[78.3965415,17.2498589],[78.3969699,17.2498362],[78.396967,17.2494686],[78.3965339,17.2494933],[78.3965415,17.2498589]]]},"properties":{"ulpin":"TEPDPUN9523247","survey_no":"106/2","sub_division":"2","state":"TG","village":"Shamshabad (R)","land_use":"residential","zone_code":"R2","area_sqm":1861.79,"owner_name":"Baljiwan Sathe","ownership_type":"patta","story":null,"s2_label":"no_significant_change"}},{"type":"Feature","geometry":{"type":"Polygon","coordinates":[[[78.3970751,17.2506589],[78.3974557,17.2506452],[78.3974549,17.2498104],[78.3965415,17.2498589],[78.3965587,17.2506779],[78.3966487,17.2506746],[78.3970751,17.2506589]]]},"properties":{"ulpin":"TEPDPUQC13C0D7","survey_no":"77","sub_division":null,"state":"TG","village":"Shamshabad (R)","land_use":"agricultural","zone_code":"AG","area_sqm":8822.36,"owner_name":"Pardhasaradhi Naik","ownership_type":"patta","story":"change_alert","s2_label":"vegetation_to_builtup"}},{"type":"Feature","geometry":{"type":"Polygon","coordinates":[[[78.3969743,17.2485815],[78.3972468,17.248578],[78.397228,17.2481967],[78.396973,17.2482035],[78.3969743,17.2485815]]]},"properties":{"ulpin":"TEPDPGZ9C98CB4","survey_no":"116/4A","sub_division":"4A","state":"TG","village":"Shamshabad (R)","land_use":"residential","zone_code":"R2","area_sqm":1180.42,"owner_name":"Aruna Kumari Vanga","ownership_type":"patta","story":null,"s2_label":"no_significant_change"}},{"type":"Feature","geometry":{"type":"Polygon","coordinates":[[[78.3974536,17.2485753],[78.3974532,17.2481906],[78.397228,17.2481967],[78.3972468,17.248578],[78.3974536,17.2485753]]]},"properties":{"ulpin":"TEPDPGZ0AEC212","survey_no":"116/4B","sub_division":"4B","state":"TG","village":"Shamshabad (R)","land_use":"residential","zone_code":"R2","area_sqm":975.17,"owner_name":"Kalyani Vanga","ownership_type":"joint","story":null,"s2_label":"no_significant_change"}},{"type":"Feature","geometry":{"type":"Polygon","coordinates":[[[78.3974536,17.2485753],[78.3969743,17.2485815],[78.3969751,17.2488169],[78.3974539,17.2488388],[78.3974536,17.2485753]]]},"properties":{"ulpin":"TEPDPUP63348F8","survey_no":"111/6","sub_division":"6","state":"TG","village":"Shamshabad (R)","land_use":"vacant","zone_code":"R2","area_sqm":1407.93,"owner_name":"Peda Babu Pochampally","ownership_type":"joint","story":null,"s2_label":"no_significant_change"}},{"type":"Feature","geometry":{"type":"Polygon","coordinates":[[[78.3974541,17.2490671],[78.3974539,17.2488388],[78.3969751,17.2488169],[78.3969761,17.2490847],[78.3974541,17.2490671]]]},"properties":{"ulpin":"TEPDPUPDCF1557","survey_no":"109/2","sub_division":"2","state":"TG","village":"Shamshabad (R)","land_use":"residential","zone_code":"R2","area_sqm":1397.91,"owner_name":"Sambasiva Rao Jadhav","ownership_type":"patta","story":null,"s2_label":"no_significant_change"}},{"type":"Feature","geometry":{"type":"Polygon","coordinates":[[[78.3969761,17.2490847],[78.3969747,17.2486805],[78.3966789,17.2486886],[78.3966913,17.2490952],[78.3969761,17.2490847]]]},"properties":{"ulpin":"TEPDPUNB54AADD","survey_no":"111/5","sub_division":"5","state":"TG","village":"Shamshabad (R)","land_use":"residential","zone_code":"R2","area_sqm":1386.97,"owner_name":"Ratnam Goud","ownership_type":"patta","story":null,"s2_label":"no_significant_change"}},{"type":"Feature","geometry":{"type":"Polygon","coordinates":[[[78.3966913,17.2490952],[78.3966789,17.2486886],[78.3963627,17.2486972],[78.3963635,17.2491072],[78.3966913,17.2490952]]]},"properties":{"ulpin":"TEPDPUND2879EC","survey_no":"111/4","sub_division":"4","state":"TG","village":"Shamshabad (R)","land_use":"residential","zone_code":"R2","area_sqm":1550.31,"owner_name":"Narsimha Vemula","ownership_type":"patta","story":null,"s2_label":"no_significant_change"}},{"type":"Feature","geometry":{"type":"Polygon","coordinates":[[[78.396973,17.2482035],[78.3966603,17.2482119],[78.3966666,17.2484226],[78.3969737,17.2484133],[78.396973,17.2482035]]]},"properties":{"ulpin":"TEPDPGYD8B4270","survey_no":"116/3","sub_division":"3","state":"TG","village":"Shamshabad (R)","land_use":"residential","zone_code":"R2","area_sqm":768.04,"owner_name":"Gopala Krishna Pochampally","ownership_type":"patta","story":null,"s2_label":"no_significant_change"}},{"type":"Feature","geometry":{"type":"Polygon","coordinates":[[[78.3969737,17.2484133],[78.3966666,17.2484226],[78.3966747,17.2486887],[78.3969747,17.2486805],[78.3969737,17.2484133]]]},"properties":{"ulpin":"TEPDPUN4D24D76","survey_no":"115","sub_division":null,"state":"TG","village":"Shamshabad (R)","land_use":"residential","zone_code":"R2","area_sqm":954.05,"owner_name":"Balhaar Thaman","ownership_type":"patta","story":null,"s2_label":"no_significant_change"}},{"type":"Feature","geometry":{"type":"Polygon","coordinates":[[[78.3966747,17.2486887],[78.3966603,17.2482119],[78.3963617,17.24822],[78.3963627,17.2486972],[78.3966747,17.2486887]]]},"properties":{"ulpin":"TEPDPGY4E34C6A","survey_no":"114","sub_division":null,"state":"TG","village":"Shamshabad (R)","land_use":"agricultural","zone_code":"AG","area_sqm":1716.45,"owner_name":"Satyanarayana Goud","ownership_type":"patta","story":null,"s2_label":"no_significant_change"}},{"type":"Feature","geometry":{"type":"Polygon","coordinates":[[[78.3955147,17.2484806],[78.3955053,17.2489653],[78.3955053,17.2489661],[78.3954991,17.2491391],[78.3963635,17.2491072],[78.3963617,17.24822],[78.3955158,17.2482427],[78.3955147,17.2484798],[78.3955147,17.2484806]]]},"properties":{"ulpin":"TEPDPUN94C6252","survey_no":"111/3","sub_division":"3","state":"TG","village":"Shamshabad (R)","land_use":"agricultural","zone_code":"AG","area_sqm":8957.48,"owner_name":"Venkateswarlu Gattu","ownership_type":"patta","story":null,"s2_label":"no_significant_change"}},{"type":"Feature","geometry":{"type":"Polygon","coordinates":[[[78.3961042,17.2471988],[78.3955199,17.2472393],[78.3955082,17.2472401],[78.3955129,17.2475082],[78.3955129,17.2475087],[78.3955169,17.2479941],[78.3955169,17.2479947],[78.3955158,17.2482427],[78.3963036,17.2482215],[78.3962881,17.2471864],[78.3961042,17.2471988]]]},"properties":{"ulpin":"TEPDPGY757E97E","survey_no":"123/1","sub_division":"1","state":"TG","village":"Shamshabad (R)","land_use":"agricultural","zone_code":"AG","area_sqm":9390.8,"owner_name":"Jeremiah Deep","ownership_type":"patta","story":null,"s2_label":"no_significant_change"}},{"type":"Feature","geometry":{"type":"Polygon","coordinates":[[[78.3962881,17.2471864],[78.3963036,17.2482215],[78.3969606,17.2482039],[78.3969702,17.247141],[78.3966885,17.2471592],[78.3962881,17.2471864]]]},"properties":{"ulpin":"TEPDPGY4E2545B","survey_no":"123/2","sub_division":"2","state":"TG","village":"Shamshabad (R)","land_use":"agricultural","zone_code":"AG","area_sqm":8278.41,"owner_name":"Nathaniel Nanda","ownership_type":"patta","story":null,"s2_label":"no_significant_change"}},{"type":"Feature","geometry":{"type":"Polygon","coordinates":[[[78.3974532,17.2481906],[78.3974521,17.2471105],[78.3972726,17.2471214],[78.3969702,17.247141],[78.3969606,17.2482039],[78.3974532,17.2481906]]]},"properties":{"ulpin":"TEPDPGZF67A015","survey_no":"124","sub_division":null,"state":"TG","village":"Shamshabad (R)","land_use":"agricultural","zone_code":"AG","area_sqm":6152.29,"owner_name":"Peda Babu Devarakonda","ownership_type":"joint","story":null,"s2_label":"no_significant_change"}},{"type":"Feature","geometry":{"type":"Polygon","coordinates":[[[78.3974534,17.2483374],[78.397791,17.2483395],[78.3978005,17.2481192],[78.3974532,17.2481169],[78.3974534,17.2483374]]]},"properties":{"ulpin":"TEPDPGZB7E0947","survey_no":"117/1","sub_division":"1","state":"TG","village":"Shamshabad (R)","land_use":"residential","zone_code":"R2","area_sqm":889.44,"owner_name":"Elijah Agrawal","ownership_type":"patta","story":null,"s2_label":"no_significant_change"}},{"type":"Feature","geometry":{"type":"Polygon","coordinates":[[[78.3974536,17.2485562],[78.3977822,17.248544],[78.397791,17.2483395],[78.3974534,17.2483374],[78.3974536,17.2485562]]]},"properties":{"ulpin":"TEPDPGZF396011","survey_no":"116/1","sub_division":"1","state":"TG","village":"Shamshabad (R)","land_use":"residential","zone_code":"R2","area_sqm":830.31,"owner_name":"Bhaskar Bhongir","ownership_type":"patta","story":null,"s2_label":"no_significant_change"}},{"type":"Feature","geometry":{"type":"Polygon","coordinates":[[[78.3978005,17.2481192],[78.3977822,17.248544],[78.3980198,17.2485351],[78.397989,17.2481205],[78.3978005,17.2481192]]]},"properties":{"ulpin":"TEPDPGZ9E4E5C1","survey_no":"117/2","sub_division":"2","state":"TG","village":"Shamshabad (R)","land_use":"residential","zone_code":"R2","area_sqm":1054.06,"owner_name":"Siva Kumar Malla","ownership_type":"patta","story":null,"s2_label":"no_significant_change"}},{"type":"Feature","geometry":{"type":"Polygon","coordinates":[[[78.397989,17.2481205],[78.3980198,17.2485351],[78.3982939,17.2485249],[78.3982731,17.2481224],[78.397989,17.2481205]]]},"properties":{"ulpin":"TEPDPGZEBC002B","survey_no":"117/3","sub_division":"3","state":"TG","village":"Shamshabad (R)","land_use":"agricultural","zone_code":"R2","area_sqm":1344.75,"owner_name":"Padma Gattu","ownership_type":"joint","story":null,"s2_label":"no_significant_change"}},{"type":"Feature","geometry":{"type":"Polygon","coordinates":[[[78.3978701,17.2481197],[78.3982731,17.2481224],[78.3982591,17.2478513],[78.3978473,17.2478549],[78.3978701,17.2481197]]]},"properties":{"ulpin":"TEPDPGZDB47DF4","survey_no":"119","sub_division":null,"state":"TG","village":"Shamshabad (R)","land_use":"agricultural","zone_code":"AG","area_sqm":1286.13,"owner_name":"Lakshmi Chary","ownership_type":"patta","story":null,"s2_label":"no_significant_change"}},{"type":"Feature","geometry":{"type":"Polygon","coordinates":[[[78.3978473,17.2478549],[78.3982591,17.2478513],[78.3982496,17.2476664],[78.3978327,17.2476841],[78.3978473,17.2478549]]]},"properties":{"ulpin":"TEPDPGZ8122BE3","survey_no":"126/1","sub_division":"1","state":"TG","village":"Shamshabad (R)","land_use":"agricultural","zone_code":"AG","area_sqm":870.1,"owner_name":"Ravindra Bhongir","ownership_type":"patta","story":null,"s2_label":"no_significant_change"}},{"type":"Feature","geometry":{"type":"Polygon","coordinates":[[[78.397453,17.2479187],[78.3978513,17.2479008],[78.3978327,17.2476841],[78.3974527,17.2477003],[78.397453,17.2479187]]]},"properties":{"ulpin":"TEPDPGZ56DA643","survey_no":"125","sub_division":null,"state":"TG","village":"Shamshabad (R)","land_use":"agricultural","zone_code":"AG","area_sqm":999.35,"owner_name":"Annapurna Siddipet","ownership_type":"patta","story":null,"s2_label":"no_significant_change"}},{"type":"Feature","geometry":{"type":"Polygon","coordinates":[[[78.3974532,17.2481169],[78.3978701,17.2481197],[78.3978513,17.2479008],[78.397453,17.2479187],[78.3974532,17.2481169]]]},"properties":{"ulpin":"TEPDPGZ67E2E4A","survey_no":"118","sub_division":null,"state":"TG","village":"Shamshabad (R)","land_use":"residential","zone_code":"R2","area_sqm":1002.39,"owner_name":"Venkateswarlu Kethavath","ownership_type":"patta","story":null,"s2_label":"no_significant_change"}},{"type":"Feature","geometry":{"type":"Polygon","coordinates":[[[78.3982365,17.2474128],[78.3978435,17.2474497],[78.3978607,17.2476829],[78.3982496,17.2476664],[78.3982365,17.2474128]]]},"properties":{"ulpin":"TEPDPGZCB8A79E","survey_no":"126/6","sub_division":"6","state":"TG","village":"Shamshabad (R)","land_use":"agricultural","zone_code":"AG","area_sqm":1125.85,"owner_name":"Rajanna Bandi","ownership_type":"patta","story":null,"s2_label":"no_significant_change"}},{"type":"Feature","geometry":{"type":"Polygon","coordinates":[[[78.3982186,17.2470665],[78.3978567,17.2470862],[78.397817,17.2470886],[78.3978435,17.2474497],[78.3982365,17.2474128],[78.3982186,17.2470665]]]},"properties":{"ulpin":"TEPDPGZC7DE952","survey_no":"128","sub_division":null,"state":"TG","village":"Shamshabad (R)","land_use":"commercial","zone_code":"C1","area_sqm":1663.66,"owner_name":"Adweta Brahmbhatt","ownership_type":"patta","story":null,"s2_label":"no_significant_change"}},{"type":"Feature","geometry":{"type":"Polygon","coordinates":[[[78.3978607,17.2476829],[78.3978409,17.2474142],[78.3974525,17.2474328],[78.3974527,17.2477003],[78.3978607,17.2476829]]]},"properties":{"ulpin":"TEPDPGZ81ED372","survey_no":"126/5","sub_division":"5","state":"TG","village":"Shamshabad (R)","land_use":"agricultural","zone_code":"AG","area_sqm":1259.95,"owner_name":"Hanumantha Rao Mudiraj","ownership_type":"patta","story":null,"s2_label":"vegetation_to_builtup"}},{"type":"Feature","geometry":{"type":"Polygon","coordinates":[[[78.397817,17.2470886],[78.3974521,17.2471105],[78.3974525,17.2474328],[78.3978409,17.2474142],[78.397817,17.2470886]]]},"properties":{"ulpin":"TEPDPGZ94709A3","survey_no":"127/2","sub_division":"2","state":"TG","village":"Shamshabad (R)","land_use":"commercial","zone_code":"C1","area_sqm":1440.63,"owner_name":"Satyanarayana Devarakonda","ownership_type":"patta","story":null,"s2_label":"no_significant_change"}},{"type":"Feature","geometry":{"type":"Polygon","coordinates":[[[78.3992834,17.247545],[78.3992707,17.2473552],[78.3988371,17.2473794],[78.3988413,17.247638],[78.3992874,17.2476207],[78.3992834,17.247545]]]},"properties":{"ulpin":"TEPF05B94C0277","survey_no":"127/1","sub_division":"1","state":"TG","village":"Shamshabad (R)","land_use":"commercial","zone_code":"C1","area_sqm":1361.71,"owner_name":"Rajendra Prasad Devarakonda","ownership_type":"patta","story":null,"s2_label":"no_significant_change"}},{"type":"Feature","geometry":{"type":"Polygon","coordinates":[[[78.3992988,17.2478397],[78.3992874,17.2476207],[78.3988413,17.247638],[78.3988451,17.2478727],[78.3992988,17.2478397]]]},"properties":{"ulpin":"TEPF05BD2EEF4F","survey_no":"126/4","sub_division":"4","state":"TG","village":"Shamshabad (R)","land_use":"commercial","zone_code":"C1","area_sqm":1204.92,"owner_name":"Kondaiah Gattu","ownership_type":"patta","story":null,"s2_label":"no_significant_change"}},{"type":"Feature","geometry":{"type":"Polygon","coordinates":[[[78.3988316,17.2470361],[78.3988371,17.2473794],[78.3990129,17.2473696],[78.3989855,17.2470288],[78.3988316,17.2470361]]]},"properties":{"ulpin":"TEPF05BDB89EF1","survey_no":"129/2B","sub_division":"2B","state":"TG","village":"Shamshabad (R)","land_use":"commercial","zone_code":"C1","area_sqm":666.03,"owner_name":"Champak Raman","ownership_type":"joint","story":null,"s2_label":"no_significant_change"}},{"type":"Feature","geometry":{"type":"Polygon","coordinates":[[[78.3989855,17.2470288],[78.3990129,17.2473696],[78.3992707,17.2473552],[78.3992511,17.2470622],[78.3992476,17.2470184],[78.3990245,17.247027],[78.3989855,17.2470288]]]},"properties":{"ulpin":"TEPF05B3DF2964","survey_no":"129/3","sub_division":"3","state":"TG","village":"Shamshabad (R)","land_use":"commercial","zone_code":"C1","area_sqm":1042.9,"owner_name":"Atharv Morar","ownership_type":"joint","story":null,"s2_label":"no_significant_change"}},{"type":"Feature","geometry":{"type":"Polygon","coordinates":[[[78.398241,17.2475007],[78.3985589,17.2474855],[78.3985159,17.2470509],[78.3984406,17.2470545],[78.3982186,17.2470665],[78.398241,17.2475007]]]},"properties":{"ulpin":"TEPDPGZ4988647","survey_no":"129/1","sub_division":"1","state":"TG","village":"Shamshabad (R)","land_use":"commercial","zone_code":"C1","area_sqm":1581.18,"owner_name":"Anasuya Malla","ownership_type":"patta","story":null,"s2_label":"no_significant_change"}},{"type":"Feature","geometry":{"type":"Polygon","coordinates":[[[78.3988386,17.2474722],[78.3988316,17.2470361],[78.3985159,17.2470509],[78.3985589,17.2474855],[78.3988386,17.2474722]]]},"properties":{"ulpin":"TEPF05B795766B","survey_no":"129/2A","sub_division":"2A","state":"TG","village":"Shamshabad (R)","land_use":"residential","zone_code":"C1","area_sqm":1531.02,"owner_name":"Siva Kumar Jadhav","ownership_type":"patta","story":null,"s2_label":"no_significant_change"}},{"type":"Feature","geometry":{"type":"Polygon","coordinates":[[[78.3988451,17.2478727],[78.3988386,17.2474722],[78.3984891,17.2474889],[78.3984964,17.2478981],[78.3988451,17.2478727]]]},"properties":{"ulpin":"TEPF05BF2DC959","survey_no":"126/3","sub_division":"3","state":"TG","village":"Shamshabad (R)","land_use":"agricultural","zone_code":"AG","area_sqm":1667.03,"owner_name":"Devansh Mand","ownership_type":"patta","story":null,"s2_label":"no_significant_change"}},{"type":"Feature","geometry":{"type":"Polygon","coordinates":[[[78.3984964,17.2478981],[78.3984891,17.2474889],[78.398241,17.2475007],[78.3982624,17.2479151],[78.3984964,17.2478981]]]},"properties":{"ulpin":"TEPDPGZC593B88","survey_no":"126/2","sub_division":"2","state":"TG","village":"Shamshabad (R)","land_use":"agricultural","zone_code":"AG","area_sqm":1171.85,"owner_name":"Padma Mudiraj","ownership_type":"patta","story":null,"s2_label":"no_significant_change"}},{"type":"Feature","geometry":{"type":"Polygon","coordinates":[[[78.3985353,17.2478952],[78.3985639,17.2482501],[78.3987321,17.2482348],[78.3987321,17.2478809],[78.3985353,17.2478952]]]},"properties":{"ulpin":"TEPF05BE755802","survey_no":"121","sub_division":null,"state":"TG","village":"Shamshabad (R)","land_use":"agricultural","zone_code":"AG","area_sqm":764.5,"owner_name":"Gram Panchayat, Shamshabad (R)","ownership_type":"govt","story":null,"s2_label":"no_significant_change"}},{"type":"Feature","geometry":{"type":"Polygon","coordinates":[[[78.3982624,17.2479151],[78.398281,17.2482758],[78.3985639,17.2482501],[78.3985353,17.2478952],[78.3982624,17.2479151]]]},"properties":{"ulpin":"TEPDPGZ5C8DEC1","survey_no":"120","sub_division":null,"state":"TG","village":"Shamshabad (R)","land_use":"agricultural","zone_code":"AG","area_sqm":1177.6,"owner_name":"Mallikarjuna Devarakonda","ownership_type":"patta","story":null,"s2_label":"no_significant_change"}},{"type":"Feature","geometry":{"type":"Polygon","coordinates":[[[78.3987321,17.2482348],[78.398281,17.2482758],[78.3982939,17.2485249],[78.3987322,17.2485085],[78.3987321,17.2482348]]]},"properties":{"ulpin":"TEPF05B30E3180","survey_no":"117/4","sub_division":"4","state":"TG","village":"Shamshabad (R)","land_use":"residential","zone_code":"R2","area_sqm":1371.86,"owner_name":"Bahadurjit Nagy","ownership_type":"joint","story":null,"s2_label":"no_significant_change"}},{"type":"Feature","geometry":{"type":"Polygon","coordinates":[[[78.3990296,17.2481164],[78.3990428,17.2484969],[78.3993254,17.2484864],[78.3993115,17.2481061],[78.3990296,17.2481164]]]},"properties":{"ulpin":"TEPF05B004AF72","survey_no":"117/5B","sub_division":"5B","state":"TG","village":"Shamshabad (R)","land_use":"commercial","zone_code":"C1","area_sqm":1266.7,"owner_name":"Padmavathi Kethavath","ownership_type":"patta","story":null,"s2_label":"no_significant_change"}},{"type":"Feature","geometry":{"type":"Polygon","coordinates":[[[78.3987321,17.2481273],[78.3987322,17.2485085],[78.3990428,17.2484969],[78.3990296,17.2481164],[78.3987321,17.2481273]]]},"properties":{"ulpin":"TEPF05B37D57E1","survey_no":"117/5A","sub_division":"5A","state":"TG","village":"Shamshabad (R)","land_use":"agricultural","zone_code":"AG","area_sqm":1365.37,"owner_name":"Suresh Kumar Vanga","ownership_type":"patta","story":null,"s2_label":"no_significant_change"}},{"type":"Feature","geometry":{"type":"Polygon","coordinates":[[[78.3987321,17.2478809],[78.3987321,17.2481273],[78.3990429,17.2481159],[78.3990374,17.2478587],[78.3987321,17.2478809]]]},"properties":{"ulpin":"TEPF05B46F8A68","survey_no":"122/1","sub_division":"1","state":"TG","village":"Shamshabad (R)","land_use":"agricultural","zone_code":"AG","area_sqm":914.5,"owner_name":"Rajendra Prasad Gadwal","ownership_type":"patta","story":null,"s2_label":"no_significant_change"}},{"type":"Feature","geometry":{"type":"Polygon","coordinates":[[[78.3992988,17.2478397],[78.3990374,17.2478587],[78.3990429,17.2481159],[78.3993115,17.2481061],[78.3993087,17.2480277],[78.3992988,17.2478397]]]},"properties":{"ulpin":"TEPF05B5324AF4","survey_no":"122/2","sub_division":"2","state":"TG","village":"Shamshabad (R)","land_use":"commercial","zone_code":"C1","area_sqm":820.34,"owner_name":"Komuraiah Kethavath","ownership_type":"patta","story":null,"s2_label":"no_significant_change"}},{"type":"Feature","geometry":{"type":"Polygon","coordinates":[[[78.3978012,17.2500855],[78.3978167,17.2496936],[78.3974547,17.249668],[78.3974552,17.2500777],[78.3978012,17.2500855]]]},"properties":{"ulpin":"TEPDPUPEACEC20","survey_no":"104/4","sub_division":"4","state":"TG","village":"Shamshabad (R)","land_use":"residential","zone_code":"R2","area_sqm":1673.09,"owner_name":"Anjaneyulu Bandi","ownership_type":"patta","story":null,"s2_label":"no_significant_change"}},{"type":"Feature","geometry":{"type":"Polygon","coordinates":[[[78.3980937,17.250092],[78.3981024,17.2497139],[78.3978167,17.2496936],[78.3978012,17.2500855],[78.3980937,17.250092]]]},"properties":{"ulpin":"TEPDPUP51530D3","survey_no":"104/5","sub_division":"5","state":"TG","village":"Shamshabad (R)","land_use":"residential","zone_code":"R2","area_sqm":1313.22,"owner_name":"Komuraiah Reddy","ownership_type":"patta","story":null,"s2_label":"no_significant_change"}},{"type":"Feature","geometry":{"type":"Polygon","coordinates":[[[78.3981024,17.2497139],[78.3981098,17.2493911],[78.3977891,17.2493871],[78.3977662,17.24969],[78.3981024,17.2497139]]]},"properties":{"ulpin":"TEPDPUP1BD26F9","survey_no":"108/2","sub_division":"2","state":"TG","village":"Shamshabad (R)","land_use":"residential","zone_code":"R2","area_sqm":1213.03,"owner_name":"Harini D\u2019Alia","ownership_type":"patta","story":null,"s2_label":"no_significant_change"}},{"type":"Feature","geometry":{"type":"Polygon","coordinates":[[[78.3974547,17.249668],[78.3977662,17.24969],[78.3977891,17.2493871],[78.3974545,17.249383],[78.3974547,17.249668]]]},"properties":{"ulpin":"TEPDPUPF8B8F33","survey_no":"108/1","sub_division":"1","state":"TG","village":"Shamshabad (R)","land_use":"residential","zone_code":"R2","area_sqm":1120.48,"owner_name":"Anjaneyulu Pochampally","ownership_type":"patta","story":null,"s2_label":"no_significant_change"}},{"type":"Feature","geometry":{"type":"Polygon","coordinates":[[[78.3980815,17.2506245],[78.3980937,17.250092],[78.3974552,17.2500777],[78.3974557,17.2506452],[78.3975016,17.2506435],[78.3975017,17.2506435],[78.3979281,17.2506291],[78.3979284,17.2506291],[78.3980815,17.2506245]]]},"properties":{"ulpin":"TEPDPURB6496BE","survey_no":"104/2","sub_division":"2","state":"TG","village":"Shamshabad (R)","land_use":"agricultural","zone_code":"AG","area_sqm":4094.27,"owner_name":"Upadhriti Mahajan","ownership_type":"patta","story":null,"s2_label":"no_significant_change"}},{"type":"Feature","geometry":{"type":"Polygon","coordinates":[[[78.3983547,17.2506164],[78.398355,17.2506164],[78.3987813,17.2506059],[78.3987817,17.2506059],[78.3989968,17.2506021],[78.3989736,17.2494017],[78.3981098,17.2493911],[78.3980815,17.2506245],[78.3983547,17.2506164]]]},"properties":{"ulpin":"TEPF0H271427E9","survey_no":"104/6","sub_division":"6","state":"TG","village":"Shamshabad (R)","land_use":"agricultural","zone_code":"AG","area_sqm":12742.18,"owner_name":"Mounika Bhongir","ownership_type":"joint","story":null,"s2_label":"no_significant_change"}},{"type":"Feature","geometry":{"type":"Polygon","coordinates":[[[78.3992079,17.2505983],[78.3992083,17.2505983],[78.3993101,17.2505973],[78.399317,17.2504418],[78.3993266,17.2501141],[78.399058,17.2501212],[78.3990673,17.2506008],[78.3992079,17.2505983]]]},"properties":{"ulpin":"TEPF0H2CEC242C","survey_no":"104/3","sub_division":"3","state":"TG","village":"Shamshabad (R)","land_use":"agricultural","zone_code":"AG","area_sqm":1453.77,"owner_name":"Nagamani Vemula","ownership_type":"patta","story":null,"s2_label":"no_significant_change"}},{"type":"Feature","geometry":{"type":"Polygon","coordinates":[[[78.3993375,17.2494759],[78.3993373,17.2494062],[78.3990441,17.2494026],[78.3990508,17.2497469],[78.399334,17.2497435],[78.3993375,17.2494759]]]},"properties":{"ulpin":"TEPF0H064FE0E8","survey_no":"108/3","sub_division":"3","state":"TG","village":"Shamshabad (R)","land_use":"agricultural","zone_code":"AG","area_sqm":1159.0,"owner_name":"Kondaiah Siddipet","ownership_type":"patta","story":null,"s2_label":"no_significant_change"}},{"type":"Feature","geometry":{"type":"Polygon","coordinates":[[[78.399334,17.2497435],[78.3990508,17.2497469],[78.399058,17.2501212],[78.3993266,17.2501141],[78.3993311,17.2499588],[78.399334,17.2497435]]]},"properties":{"ulpin":"TEPF0H24A19ECC","survey_no":"105","sub_division":null,"state":"TG","village":"Shamshabad (R)","land_use":"agricultural","zone_code":"AG","area_sqm":1213.69,"owner_name":"Sujatha Gadwal","ownership_type":"joint","story":null,"s2_label":"no_significant_change"}},{"type":"Feature","geometry":{"type":"Polygon","coordinates":[[[78.3990431,17.2493528],[78.3990441,17.2494026],[78.3993373,17.2494062],[78.3993359,17.2489931],[78.3993263,17.2485104],[78.3993254,17.2484864],[78.3984305,17.2485198],[78.3984092,17.2493948],[78.3989736,17.2494017],[78.3989727,17.2493541],[78.3990431,17.2493528]]]},"properties":{"ulpin":"TEPF0H09CAC365","survey_no":"113/3","sub_division":"3","state":"TG","village":"Shamshabad (R)","land_use":"agricultural","zone_code":"AG","area_sqm":9619.32,"owner_name":"Komuraiah Kethavath","ownership_type":"patta","story":null,"s2_label":"no_significant_change"}},{"type":"Feature","geometry":{"type":"Polygon","coordinates":[[[78.397454,17.2489822],[78.3974545,17.249383],[78.3977035,17.2493861],[78.3977009,17.2489875],[78.397454,17.2489822]]]},"properties":{"ulpin":"TEPDPUP43498F7","survey_no":"109/3","sub_division":"3","state":"TG","village":"Shamshabad (R)","land_use":"residential","zone_code":"R2","area_sqm":1167.5,"owner_name":"Nirmala Mudiraj","ownership_type":"patta","story":null,"s2_label":"no_significant_change"}},{"type":"Feature","geometry":{"type":"Polygon","coordinates":[[[78.397954,17.248993],[78.3977009,17.2489875],[78.3977035,17.2493861],[78.3979544,17.2493892],[78.397954,17.248993]]]},"properties":{"ulpin":"TEPDPUP4900B7A","survey_no":"110","sub_division":null,"state":"TG","village":"Shamshabad (R)","land_use":"residential","zone_code":"R2","area_sqm":1179.66,"owner_name":"Srinivasa Rao Naik","ownership_type":"patta","story":null,"s2_label":"no_significant_change"}},{"type":"Feature","geometry":{"type":"Polygon","coordinates":[[[78.3976977,17.2485471],[78.3977194,17.2489879],[78.397954,17.248993],[78.3979536,17.2485376],[78.3976977,17.2485471]]]},"properties":{"ulpin":"TEPDPUP25CE9A4","survey_no":"113/1","sub_division":"1","state":"TG","village":"Shamshabad (R)","land_use":"residential","zone_code":"R2","area_sqm":1295.21,"owner_name":"Pardhasaradhi Jadhav","ownership_type":"patta","story":null,"s2_label":"no_significant_change"}},{"type":"Feature","geometry":{"type":"Polygon","coordinates":[[[78.3974536,17.2485562],[78.397454,17.2489822],[78.3977194,17.2489879],[78.3976977,17.2485471],[78.3974536,17.2485562]]]},"properties":{"ulpin":"TEPDPUP83428AE","survey_no":"112","sub_division":null,"state":"TG","village":"Shamshabad (R)","land_use":"residential","zone_code":"R2","area_sqm":1300.93,"owner_name":"Hanumantha Rao Kancharla","ownership_type":"joint","story":null,"s2_label":"no_significant_change"}},{"type":"Feature","geometry":{"type":"Polygon","coordinates":[[[78.3982244,17.2489896],[78.3982354,17.2493926],[78.3984092,17.2493948],[78.398419,17.248991],[78.3982244,17.2489896]]]},"properties":{"ulpin":"TEPDPUPC6846CB","survey_no":"111/2","sub_division":"2","state":"TG","village":"Shamshabad (R)","land_use":"residential","zone_code":"R2","area_sqm":875.48,"owner_name":"Jyothi Goud","ownership_type":"joint","story":null,"s2_label":"no_significant_change"}},{"type":"Feature","geometry":{"type":"Polygon","coordinates":[[[78.397954,17.2489876],[78.3979544,17.2493892],[78.3982354,17.2493926],[78.3982244,17.2489896],[78.397954,17.2489876]]]},"properties":{"ulpin":"TEPDPUPCCB0179","survey_no":"111/1","sub_division":"1","state":"TG","village":"Shamshabad (R)","land_use":"residential","zone_code":"R2","area_sqm":1306.92,"owner_name":"Veeraiah Vemula","ownership_type":"patta","story":null,"s2_label":"no_significant_change"}},{"type":"Feature","geometry":{"type":"Polygon","coordinates":[[[78.397954,17.2489876],[78.398419,17.248991],[78.3984252,17.2487401],[78.3979538,17.2487516],[78.397954,17.2489876]]]},"properties":{"ulpin":"TEPDPUP982159C","survey_no":"113/2","sub_division":"2","state":"TG","village":"Shamshabad (R)","land_use":"residential","zone_code":"R2","area_sqm":1342.78,"owner_name":"Wakeeta Ghosh","ownership_type":"patta","story":null,"s2_label":"no_significant_change"}},{"type":"Feature","geometry":{"type":"Polygon","coordinates":[[[78.3979536,17.2485376],[78.3979538,17.2487516],[78.3984252,17.2487401],[78.3984305,17.2485198],[78.3979536,17.2485376]]]},"properties":{"ulpin":"TEPDPUPC757317","survey_no":"116/2","sub_division":"2","state":"TG","village":"Shamshabad (R)","land_use":"residential","zone_code":"R2","area_sqm":1212.75,"owner_name":"Sridevi Rachakonda","ownership_type":"patta","story":null,"s2_label":"no_significant_change"}},{"type":"Feature","geometry":{"type":"Polygon","coordinates":[[[78.4007372,17.2507008],[78.4004861,17.2506962],[78.4000608,17.2506928],[78.3996353,17.2506933],[78.3995033,17.2506947],[78.3994927,17.2509336],[78.3994926,17.2509349],[78.3994644,17.2514194],[78.3994644,17.2514205],[78.399446,17.2516817],[78.4006309,17.2517548],[78.4007372,17.2507008]]]},"properties":{"ulpin":"TEPF0H3F9EC448","survey_no":"60/6","sub_division":"6","state":"TG","village":"Shamshabad (R)","land_use":"agricultural","zone_code":"AG","area_sqm":14594.2,"owner_name":"Jyothi Bandi","ownership_type":"patta","story":null,"s2_label":"no_significant_change"}},{"type":"Feature","geometry":{"type":"Polygon","coordinates":[[[78.399533,17.2526691],[78.4001173,17.2526976],[78.4001176,17.2526976],[78.4005335,17.2527204],[78.4006309,17.2517548],[78.399446,17.2516817],[78.3994303,17.2519051],[78.3994303,17.251906],[78.3993913,17.2523907],[78.3993912,17.2523914],[78.3993673,17.2526624],[78.3995325,17.2526691],[78.399533,17.2526691]]]},"properties":{"ulpin":"TEPF0H978B4B28","survey_no":"60/3","sub_division":"3","state":"TG","village":"Shamshabad (R)","land_use":"agricultural","zone_code":"AG","area_sqm":13508.4,"owner_name":"Anjaneyulu Naik","ownership_type":"patta","story":null,"s2_label":"vegetation_loss"}},{"type":"Feature","geometry":{"type":"Polygon","coordinates":[[[78.4007022,17.2527297],[78.4012865,17.2527641],[78.4012866,17.2527641],[78.4018709,17.2527993],[78.4018906,17.2528005],[78.4019442,17.251911],[78.4006255,17.2518083],[78.4005335,17.2527204],[78.400702,17.2527297],[78.4007022,17.2527297]]]},"properties":{"ulpin":"TEPF0HDBE1E9DA","survey_no":"60/1","sub_division":"1","state":"TG","village":"Shamshabad (R)","land_use":"agricultural","zone_code":"AG","area_sqm":14269.21,"owner_name":"Simon Sanghvi","ownership_type":"patta","story":null,"s2_label":"no_significant_change"}},{"type":"Feature","geometry":{"type":"Polygon","coordinates":[[[78.4017613,17.2507325],[78.4013378,17.2507161],[78.4012441,17.2518565],[78.4019442,17.251911],[78.4020144,17.2507449],[78.4017613,17.2507325]]]},"properties":{"ulpin":"TEPF0HD97D7A8B","survey_no":"61/2A","sub_division":"2A","state":"TG","village":"Shamshabad (R)","land_use":"agricultural","zone_code":"AG","area_sqm":9400.04,"owner_name":"Sailu Naik","ownership_type":"patta","story":null,"s2_label":"no_significant_change"}},{"type":"Feature","geometry":{"type":"Polygon","coordinates":[[[78.4013364,17.2507161],[78.4009113,17.250704],[78.4007372,17.2507008],[78.4006255,17.2518083],[78.4012441,17.2518565],[78.4013378,17.2507161],[78.4013364,17.2507161]]]},"properties":{"ulpin":"TEPF0H34156FFB","survey_no":"61/1","sub_division":"1","state":"TG","village":"Shamshabad (R)","land_use":"agricultural","zone_code":"AG","area_sqm":8115.23,"owner_name":"Shamshabad Municipality","ownership_type":"govt","story":null,"s2_label":"no_significant_change"}},{"type":"Feature","geometry":{"type":"Polygon","coordinates":[[[78.4026108,17.250778],[78.4021861,17.2507532],[78.4020144,17.2507449],[78.4019623,17.2516101],[78.4027939,17.2516649],[78.402825,17.2507923],[78.4026108,17.250778]]]},"properties":{"ulpin":"TEPF0H642DB346","survey_no":"61/2B","sub_division":"2B","state":"TG","village":"Shamshabad (R)","land_use":"agricultural","zone_code":"AG","area_sqm":8443.46,"owner_name":"Koteswara Rao Goud","ownership_type":"patta","story":null,"s2_label":"no_significant_change"}},{"type":"Feature","geometry":{"type":"Polygon","coordinates":[[[78.4038936,17.2516061],[78.403892,17.2513956],[78.403892,17.2513949],[78.4038932,17.2511845],[78.4038933,17.2511839],[78.4038975,17.2509736],[78.4038976,17.2509729],[78.4039011,17.2508744],[78.4038846,17.250873],[78.4034601,17.2508383],[78.4030355,17.2508065],[78.402825,17.2507923],[78.4027939,17.2516649],[78.4038962,17.2517377],[78.4038936,17.2516066],[78.4038936,17.2516061]]]},"properties":{"ulpin":"TEPF0H798CAFF2","survey_no":"61/3","sub_division":"3","state":"TG","village":"Shamshabad (R)","land_use":"agricultural","zone_code":"AG","area_sqm":11132.23,"owner_name":"Yugandhar Malla","ownership_type":"patta","story":null,"s2_label":"no_significant_change"}},{"type":"Feature","geometry":{"type":"Polygon","coordinates":[[[78.4031108,17.2521445],[78.4027166,17.2521585],[78.402714,17.2520908],[78.4031123,17.2520767],[78.4031208,17.2516865],[78.4019623,17.2516101],[78.4019272,17.2521928],[78.4031073,17.2523067],[78.4031108,17.2521445]]]},"properties":{"ulpin":"TEPF0HDCB27F23","survey_no":"60/4","sub_division":"4","state":"TG","village":"Shamshabad (R)","land_use":"agricultural","zone_code":"AG","area_sqm":7996.8,"owner_name":"Ravindra Siddipet","ownership_type":"patta","story":null,"s2_label":"no_significant_change"}},{"type":"Feature","geometry":{"type":"Polygon","coordinates":[[[78.4031073,17.2523067],[78.4019272,17.2521928],[78.4018906,17.2528005],[78.4024551,17.2528339],[78.4030392,17.2528665],[78.403095,17.2528693],[78.4031073,17.2523067]]]},"properties":{"ulpin":"TEPF0HDFE1D0B2","survey_no":"59","sub_division":null,"state":"TG","village":"Shamshabad (R)","land_use":"agricultural","zone_code":"AG","area_sqm":8255.44,"owner_name":"Mallesham Naik","ownership_type":"patta","story":null,"s2_label":"no_significant_change"}},{"type":"Feature","geometry":{"type":"Polygon","coordinates":[[[78.4036232,17.2528958],[78.4039445,17.2529095],[78.4039427,17.2528729],[78.403932,17.252662],[78.403932,17.2526619],[78.4039217,17.252451],[78.4039217,17.2524508],[78.4039123,17.25224],[78.4039122,17.2522397],[78.4039075,17.2521162],[78.4031108,17.2521445],[78.403095,17.2528693],[78.4036232,17.2528958]]]},"properties":{"ulpin":"TEPF0HE0C5B1B5","survey_no":"60/2","sub_division":"2","state":"TG","village":"Shamshabad (R)","land_use":"agricultural","zone_code":"AG","area_sqm":7359.64,"owner_name":"Yugandhar Rachakonda","ownership_type":"patta","story":null,"s2_label":"no_significant_change"}},{"type":"Feature","geometry":{"type":"Polygon","coordinates":[[[78.4039049,17.2520485],[78.4039041,17.2520289],[78.4039041,17.2520285],[78.4038978,17.2518178],[78.4038978,17.2518173],[78.4038962,17.2517377],[78.4031208,17.2516865],[78.4031123,17.2520767],[78.4039049,17.2520485]]]},"properties":{"ulpin":"TEPF0HEFA48E0D","survey_no":"60/5","sub_division":"5","state":"TG","village":"Shamshabad (R)","land_use":"agricultural","zone_code":"AG","area_sqm":3235.96,"owner_name":"Komuraiah Goud","ownership_type":"patta","story":null,"s2_label":"no_significant_change"}},{"type":"Feature","geometry":{"type":"Polygon","coordinates":[[[78.3918946,17.2506956],[78.3919573,17.2497612],[78.390943,17.2496807],[78.3909208,17.2498691],[78.3908645,17.2503518],[78.390833,17.2506343],[78.391117,17.2506534],[78.3915417,17.2506783],[78.3918946,17.2506956]]]},"properties":{"ulpin":"TEPDPU678AB983","survey_no":"97","sub_division":null,"state":"TG","village":"Shamshabad (R)","land_use":"agricultural","zone_code":"AG","area_sqm":11648.93,"owner_name":"Nidhi Bahl","ownership_type":"patta","story":null,"s2_label":"no_significant_change"}},{"type":"Feature","geometry":{"type":"Polygon","coordinates":[[[78.39201,17.2489752],[78.3910329,17.2489089],[78.3909777,17.2493862],[78.3909777,17.2493863],[78.390943,17.2496807],[78.3919573,17.2497612],[78.39201,17.2489752]]]},"properties":{"ulpin":"TEPDPU4E2D4FEB","survey_no":"98/2","sub_division":"2","state":"TG","village":"Shamshabad (R)","land_use":"agricultural","zone_code":"AG","area_sqm":9197.83,"owner_name":"Prasad Naik","ownership_type":"patta","story":null,"s2_label":"no_significant_change"}},{"type":"Feature","geometry":{"type":"Polygon","coordinates":[[[78.3932743,17.2495217],[78.3932743,17.2495213],[78.3932877,17.2491785],[78.3932877,17.2491782],[78.3932931,17.2490623],[78.39201,17.2489752],[78.3919528,17.2498275],[78.3932642,17.249862],[78.3932743,17.2495217]]]},"properties":{"ulpin":"TEPDPU5E6E7362","survey_no":"98/1","sub_division":"1","state":"TG","village":"Shamshabad (R)","land_use":"agricultural","zone_code":"AG","area_sqm":12643.26,"owner_name":"Srinivasa Rao Kancharla","ownership_type":"patta","story":null,"s2_label":"no_significant_change"}},{"type":"Feature","geometry":{"type":"Polygon","coordinates":[[[78.3923914,17.2507158],[78.3928164,17.250728],[78.3932416,17.2507359],[78.3932551,17.250736],[78.3932545,17.2505516],[78.3932545,17.250551],[78.3932574,17.2502083],[78.3932574,17.2502078],[78.3932641,17.249865],[78.3932641,17.2498645],[78.3932642,17.249862],[78.3919528,17.2498275],[78.3918946,17.2506956],[78.3919665,17.2506992],[78.3923914,17.2507158]]]},"properties":{"ulpin":"TEPDPU7489FEB0","survey_no":"96","sub_division":null,"state":"TG","village":"Shamshabad (R)","land_use":"agricultural","zone_code":"AG","area_sqm":13761.75,"owner_name":"Naga Raju Siddipet","ownership_type":"patta","story":null,"s2_label":"no_significant_change"}},{"type":"Feature","geometry":{"type":"Polygon","coordinates":[[[78.3910864,17.2484197],[78.3910864,17.2484201],[78.3910335,17.2489031],[78.3910335,17.2489033],[78.3910329,17.2489089],[78.392237,17.2489906],[78.3923072,17.2480882],[78.3911323,17.2479606],[78.3910864,17.2484197]]]},"properties":{"ulpin":"TEPDPGG169F027","survey_no":"99/1","sub_division":"1","state":"TG","village":"Shamshabad (R)","land_use":"agricultural","zone_code":"AG","area_sqm":13060.65,"owner_name":"Komuraiah Malla","ownership_type":"patta","story":null,"s2_label":"no_significant_change"}},{"type":"Feature","geometry":{"type":"Polygon","coordinates":[[[78.3920109,17.2474476],[78.3914265,17.2474688],[78.3914258,17.2474688],[78.3911751,17.2474756],[78.3911348,17.247936],[78.3911347,17.2479366],[78.3911323,17.2479606],[78.3923072,17.2480882],[78.3923583,17.247432],[78.3920116,17.2474475],[78.3920109,17.2474476]]]},"properties":{"ulpin":"TEPDPGG74EC2BB","survey_no":"99/3","sub_division":"3","state":"TG","village":"Shamshabad (R)","land_use":"agricultural","zone_code":"AG","area_sqm":7922.23,"owner_name":"Arjun Master","ownership_type":"patta","story":null,"s2_label":"no_significant_change"}},{"type":"Feature","geometry":{"type":"Polygon","coordinates":[[[78.393321,17.2484923],[78.3933211,17.2484922],[78.3933393,17.2481494],[78.3933405,17.2481276],[78.3923106,17.2480442],[78.392237,17.2489906],[78.3932931,17.2490623],[78.3933035,17.2488353],[78.3933035,17.2488351],[78.393321,17.2484923]]]},"properties":{"ulpin":"TEPDPU59622794","survey_no":"99/2","sub_division":"2","state":"TG","village":"Shamshabad (R)","land_use":"agricultural","zone_code":"AG","area_sqm":11606.02,"owner_name":"Kondaiah Pochampally","ownership_type":"patta","story":null,"s2_label":"no_significant_change"}},{"type":"Feature","geometry":{"type":"Polygon","coordinates":[[[78.3933575,17.2478066],[78.3933745,17.247464],[78.3933782,17.247379],[78.3931815,17.2473906],[78.393181,17.2473906],[78.3925966,17.2474213],[78.392596,17.2474213],[78.3923583,17.247432],[78.3923106,17.2480442],[78.3933405,17.2481276],[78.3933575,17.2478066]]]},"properties":{"ulpin":"TEPDPGG8D01ED1","survey_no":"99/4","sub_division":"4","state":"TG","village":"Shamshabad (R)","land_use":"agricultural","zone_code":"AG","area_sqm":8214.15,"owner_name":"Priya Gara","ownership_type":"patta","story":null,"s2_label":"no_significant_change"}},{"type":"Feature","geometry":{"type":"Polygon","coordinates":[[[78.407442,17.255403],[78.4074247,17.2557947],[78.4074702,17.2557197],[78.4075917,17.2555138],[78.4077111,17.2553065],[78.4078286,17.2550979],[78.4079444,17.2548882],[78.4080588,17.2546773],[78.4081722,17.2544656],[78.4082849,17.2542533],[78.4083973,17.2540404],[78.4085098,17.2538274],[78.4085099,17.2538272],[78.4086227,17.2536143],[78.408623,17.2536139],[78.4087365,17.2534015],[78.4087369,17.2534008],[78.4088515,17.2531891],[78.408852,17.2531882],[78.4089417,17.2530253],[78.4088824,17.2530268],[78.4088823,17.2530268],[78.4082977,17.2530408],[78.4082975,17.2530408],[78.4077129,17.2530524],[78.4077126,17.2530524],[78.4074923,17.2530554],[78.4074911,17.2534641],[78.4074911,17.2534646],[78.407485,17.2539488],[78.407485,17.2539492],[78.4074747,17.2544335],[78.4074747,17.2544339],[78.4074602,17.2549181],[78.4074602,17.2549185],[78.407442,17.2554027],[78.407442,17.255403]]]},"properties":{"ulpin":"TEPF0HY92E99F9","survey_no":"42","sub_division":null,"state":"TG","village":"Shamshabad (R)","land_use":"agricultural","zone_code":"AG","area_sqm":23408.89,"owner_name":"Nilima Rajagopal","ownership_type":"patta","story":null,"s2_label":"no_significant_change"}},{"type":"Feature","geometry":{"type":"Polygon","coordinates":[[[78.3903714,17.2428262],[78.3903754,17.2424532],[78.3901681,17.2424444],[78.3901565,17.2428255],[78.3903714,17.2428262]]]},"properties":{"ulpin":"TEPDPFF57BF62D","survey_no":"188/2","sub_division":"2","state":"TG","village":"Shamshabad (R)","land_use":"residential","zone_code":"R2","area_sqm":938.33,"owner_name":"Komuraiah Chary","ownership_type":"patta","story":null,"s2_label":"no_significant_change"}},{"type":"Feature","geometry":{"type":"Polygon","coordinates":[[[78.3906719,17.2428271],[78.3906766,17.242466],[78.3903754,17.2424532],[78.3903714,17.2428262],[78.3906719,17.2428271]]]},"properties":{"ulpin":"TEPDPFF22A8144","survey_no":"188/3","sub_division":"3","state":"TG","village":"Shamshabad (R)","land_use":"residential","zone_code":"R2","area_sqm":1301.22,"owner_name":"Prasad Naik","ownership_type":"patta","story":null,"s2_label":"no_significant_change"}},{"type":"Feature","geometry":{"type":"Polygon","coordinates":[[[78.3906766,17.242466],[78.3906801,17.2421874],[78.390445,17.2421878],[78.390439,17.2424559],[78.3906766,17.242466]]]},"properties":{"ulpin":"TEPDPFFBB9ABB8","survey_no":"190","sub_division":null,"state":"TG","village":"Shamshabad (R)","land_use":"residential","zone_code":"R2","area_sqm":761.59,"owner_name":"Gram Panchayat, Shamshabad (R)","ownership_type":"govt","story":null,"s2_label":"no_significant_change"}},{"type":"Feature","geometry":{"type":"Polygon","coordinates":[[[78.390176,17.2421865],[78.3901681,17.2424444],[78.390439,17.2424559],[78.390445,17.2421878],[78.3903877,17.2421879],[78.3903873,17.2421879],[78.390176,17.2421865]]]},"properties":{"ulpin":"TEPDPFF188B774","survey_no":"189/5","sub_division":"5","state":"TG","village":"Shamshabad (R)","land_use":"residential","zone_code":"R2","area_sqm":836.36,"owner_name":"Bhavani Kashyap","ownership_type":"joint","story":null,"s2_label":"no_significant_change"}},{"type":"Feature","geometry":{"type":"Polygon","coordinates":[[[78.3908973,17.2428278],[78.3908948,17.2425003],[78.3906761,17.2425047],[78.3906719,17.2428271],[78.3908973,17.2428278]]]},"properties":{"ulpin":"TEPDPFF81470F8","survey_no":"188/4","sub_division":"4","state":"TG","village":"Shamshabad (R)","land_use":"residential","zone_code":"R2","area_sqm":850.09,"owner_name":"Sailu Vanga","ownership_type":"patta","story":null,"s2_label":"no_significant_change"}},{"type":"Feature","geometry":{"type":"Polygon","coordinates":[[[78.3911275,17.2428284],[78.3911209,17.242607],[78.3911209,17.2426069],[78.3911179,17.2424959],[78.3908948,17.2425003],[78.3908973,17.2428278],[78.3911275,17.2428284]]]},"properties":{"ulpin":"TEPDPFFA5AE6B4","survey_no":"188/5","sub_division":"5","state":"TG","village":"Shamshabad (R)","land_use":"public","zone_code":"PUB","area_sqm":881.17,"owner_name":"Shamshabad Municipality","ownership_type":"govt","story":null,"s2_label":"no_significant_change"}},{"type":"Feature","geometry":{"type":"Polygon","coordinates":[[[78.3909409,17.2424994],[78.390923,17.2421861],[78.3908139,17.2421872],[78.3908135,17.2421872],[78.3906801,17.2421874],[78.3906761,17.2425047],[78.3909409,17.2424994]]]},"properties":{"ulpin":"TEPDPFFF5A8E29","survey_no":"191/1","sub_division":"1","state":"TG","village":"Shamshabad (R)","land_use":"residential","zone_code":"R2","area_sqm":942.62,"owner_name":"Government of Telangana","ownership_type":"govt","story":null,"s2_label":"no_significant_change"}},{"type":"Feature","geometry":{"type":"Polygon","coordinates":[[[78.3911179,17.2424959],[78.3911095,17.2421843],[78.390923,17.2421861],[78.3909409,17.2424994],[78.3911179,17.2424959]]]},"properties":{"ulpin":"TEPDPFF12919DC","survey_no":"191/2","sub_division":"2","state":"TG","village":"Shamshabad (R)","land_use":"residential","zone_code":"R2","area_sqm":669.61,"owner_name":"Ratnam Siddipet","ownership_type":"patta","story":null,"s2_label":"no_significant_change"}},{"type":"Feature","geometry":{"type":"Polygon","coordinates":[[[78.3907607,17.2431032],[78.3904349,17.2430882],[78.3904275,17.2433142],[78.3907423,17.2433323],[78.3907607,17.2431032]]]},"properties":{"ulpin":"TEPDPG4EFBCCD1","survey_no":"184/1","sub_division":"1","state":"TG","village":"Shamshabad (R)","land_use":"residential","zone_code":"R2","area_sqm":861.14,"owner_name":"Yuvraj Choudhury","ownership_type":"patta","story":null,"s2_label":"no_significant_change"}},{"type":"Feature","geometry":{"type":"Polygon","coordinates":[[[78.3906796,17.2435085],[78.390728,17.243511],[78.3907423,17.2433323],[78.3904275,17.2433142],[78.3904216,17.2434937],[78.3905085,17.2434989],[78.3906796,17.2435085]]]},"properties":{"ulpin":"TEPDPG40F90E8E","survey_no":"183/4","sub_division":"4","state":"TG","village":"Shamshabad (R)","land_use":"commercial","zone_code":"C1","area_sqm":658.41,"owner_name":"Padmavathi Jadhav","ownership_type":"patta","story":null,"s2_label":"no_significant_change"}},{"type":"Feature","geometry":{"type":"Polygon","coordinates":[[[78.3904276,17.2433096],[78.3901424,17.2432877],[78.3901366,17.2434756],[78.3901662,17.2434776],[78.3903373,17.2434886],[78.3904216,17.2434937],[78.3904276,17.2433096]]]},"properties":{"ulpin":"TEPDPG443D0775","survey_no":"183/2","sub_division":"2","state":"TG","village":"Shamshabad (R)","land_use":"commercial","zone_code":"C1","area_sqm":626.9,"owner_name":"Vanya Karnik","ownership_type":"patta","story":null,"s2_label":"no_significant_change"}},{"type":"Feature","geometry":{"type":"Polygon","coordinates":[[[78.3904349,17.2430882],[78.3901489,17.2430751],[78.3901424,17.2432877],[78.3904276,17.2433096],[78.3904349,17.2430882]]]},"properties":{"ulpin":"TEPDPG4840D0FB","survey_no":"183/3","sub_division":"3","state":"TG","village":"Shamshabad (R)","land_use":"residential","zone_code":"R2","area_sqm":731.74,"owner_name":"Mallikarjuna Kethavath","ownership_type":"joint","story":null,"s2_label":"no_significant_change"}},{"type":"Feature","geometry":{"type":"Polygon","coordinates":[[[78.3901565,17.2428255],[78.3901489,17.2430751],[78.3904419,17.2430885],[78.3904483,17.2428264],[78.3901565,17.2428255]]]},"properties":{"ulpin":"TEPDPFFD10C14F","survey_no":"186/2B","sub_division":"2B","state":"TG","village":"Shamshabad (R)","land_use":"residential","zone_code":"R2","area_sqm":882.08,"owner_name":"Rama Devi Malla","ownership_type":"patta","story":null,"s2_label":"no_significant_change"}},{"type":"Feature","geometry":{"type":"Polygon","coordinates":[[[78.3904483,17.2428264],[78.3904419,17.2430885],[78.3907607,17.2431032],[78.3907828,17.2428274],[78.3904483,17.2428264]]]},"properties":{"ulpin":"TEPDPFFDFCC54C","survey_no":"187/1","sub_division":"1","state":"TG","village":"Shamshabad (R)","land_use":"residential","zone_code":"R2","area_sqm":1036.51,"owner_name":"Daksh Kanda","ownership_type":"patta","story":null,"s2_label":"no_significant_change"}},{"type":"Feature","geometry":{"type":"Polygon","coordinates":[[[78.3907527,17.2432028],[78.390728,17.243511],[78.3908508,17.2435173],[78.3909658,17.2435226],[78.3909966,17.2432237],[78.3907527,17.2432028]]]},"properties":{"ulpin":"TEPDPG41106773","survey_no":"184/2","sub_division":"2","state":"TG","village":"Shamshabad (R)","land_use":"residential","zone_code":"C1","area_sqm":867.36,"owner_name":"Kamala Pochampally","ownership_type":"patta","story":null,"s2_label":"no_significant_change"}},{"type":"Feature","geometry":{"type":"Polygon","coordinates":[[[78.391148,17.2435304],[78.3911395,17.2432359],[78.3909966,17.2432237],[78.3909658,17.2435226],[78.391022,17.2435252],[78.391148,17.2435304]]]},"properties":{"ulpin":"TEPDPG40099BFD","survey_no":"185/1","sub_division":"1","state":"TG","village":"Shamshabad (R)","land_use":"public","zone_code":"PUB","area_sqm":569.74,"owner_name":"Gram Panchayat, Shamshabad (R)","ownership_type":"govt","story":null,"s2_label":"no_significant_change"}},{"type":"Feature","geometry":{"type":"Polygon","coordinates":[[[78.3911275,17.2428284],[78.3907828,17.2428274],[78.3907686,17.2430042],[78.3911335,17.2430282],[78.3911275,17.2428284]]]},"properties":{"ulpin":"TEPDPFF417410D","survey_no":"187/3","sub_division":"3","state":"TG","village":"Shamshabad (R)","land_use":"residential","zone_code":"PUB","area_sqm":787.67,"owner_name":"Ramesh Babu Vanga","ownership_type":"patta","story":null,"s2_label":"no_significant_change"}},{"type":"Feature","geometry":{"type":"Polygon","coordinates":[[[78.3911335,17.2430282],[78.3907686,17.2430042],[78.3907527,17.2432028],[78.3911395,17.2432359],[78.3911354,17.2430918],[78.3911335,17.2430282]]]},"properties":{"ulpin":"TEPDPG4B0D38B0","survey_no":"187/2","sub_division":"2","state":"TG","village":"Shamshabad (R)","land_use":"public","zone_code":"PUB","area_sqm":901.26,"owner_name":"Gram Panchayat, Shamshabad (R)","ownership_type":"govt","story":null,"s2_label":"no_significant_change"}},{"type":"Feature","geometry":{"type":"Polygon","coordinates":[[[78.3901528,17.242947],[78.3898031,17.2429478],[78.389812,17.2432059],[78.3901449,17.2432064],[78.3901528,17.242947]]]},"properties":{"ulpin":"TEPDPG171BA65D","survey_no":"186/2A","sub_division":"2A","state":"TG","village":"Shamshabad (R)","land_use":"residential","zone_code":"R2","area_sqm":1040.58,"owner_name":"Satyanarayana Mudiraj","ownership_type":"patta","story":null,"s2_label":"no_significant_change"}},{"type":"Feature","geometry":{"type":"Polygon","coordinates":[[[78.389995,17.2434661],[78.3901366,17.2434756],[78.3901449,17.2432064],[78.389812,17.2432059],[78.3898205,17.2434539],[78.3898239,17.2434542],[78.389995,17.2434661]]]},"properties":{"ulpin":"TEPDPG1A0033B6","survey_no":"183/1","sub_division":"1","state":"TG","village":"Shamshabad (R)","land_use":"commercial","zone_code":"C1","area_sqm":989.16,"owner_name":"Yugandhar Jadhav","ownership_type":"joint","story":null,"s2_label":"no_significant_change"}},{"type":"Feature","geometry":{"type":"Polygon","coordinates":[[[78.3893218,17.2432302],[78.3893219,17.2432309],[78.3893253,17.2433726],[78.3893253,17.2433732],[78.3893257,17.2434182],[78.3894815,17.2434295],[78.3896527,17.2434419],[78.3898205,17.2434539],[78.3898121,17.2432107],[78.3893212,17.2432137],[78.3893218,17.2432302]]]},"properties":{"ulpin":"TEPDPG13CA756D","survey_no":"182","sub_division":null,"state":"TG","village":"Shamshabad (R)","land_use":"commercial","zone_code":"C1","area_sqm":1297.97,"owner_name":"Sarojini Goud","ownership_type":"joint","story":null,"s2_label":"no_significant_change"}},{"type":"Feature","geometry":{"type":"Polygon","coordinates":[[[78.389599,17.243212],[78.3896045,17.2429483],[78.3893085,17.242949],[78.3893162,17.2430879],[78.3893162,17.2430885],[78.3893212,17.2432137],[78.389599,17.243212]]]},"properties":{"ulpin":"TEPDPG1A76426A","survey_no":"185/2","sub_division":"2","state":"TG","village":"Shamshabad (R)","land_use":"residential","zone_code":"R2","area_sqm":891.71,"owner_name":"Chandra Sekhar Devarakonda","ownership_type":"patta","story":null,"s2_label":"no_significant_change"}},{"type":"Feature","geometry":{"type":"Polygon","coordinates":[[[78.3898121,17.2432107],[78.3898031,17.2429478],[78.3896045,17.2429483],[78.389599,17.243212],[78.3898121,17.2432107]]]},"properties":{"ulpin":"TEPDPG12D07707","survey_no":"186/1","sub_division":"1","state":"TG","village":"Shamshabad (R)","land_use":"residential","zone_code":"R2","area_sqm":638.71,"owner_name":"Laksh Mallick","ownership_type":"patta","story":null,"s2_label":"no_significant_change"}},{"type":"Feature","geometry":{"type":"Polygon","coordinates":[[[78.3901629,17.2426137],[78.390176,17.2421865],[78.3899615,17.2421851],[78.3899611,17.2421851],[78.3899607,17.2421851],[78.3899594,17.2426026],[78.3901629,17.2426137]]]},"properties":{"ulpin":"TEPDPFCD136081","survey_no":"189/3","sub_division":"3","state":"TG","village":"Shamshabad (R)","land_use":"residential","zone_code":"R2","area_sqm":1042.54,"owner_name":"Onveer Chada","ownership_type":"patta","story":null,"s2_label":"no_significant_change"}},{"type":"Feature","geometry":{"type":"Polygon","coordinates":[[[78.3899594,17.2426026],[78.3899607,17.2421851],[78.389713,17.2421815],[78.3897218,17.2425896],[78.3899594,17.2426026]]]},"properties":{"ulpin":"TEPDPFC980CE2C","survey_no":"189/2","sub_division":"2","state":"TG","village":"Shamshabad (R)","land_use":"residential","zone_code":"R2","area_sqm":1180.0,"owner_name":"Venkata Ramana Pochampally","ownership_type":"patta","story":null,"s2_label":"no_significant_change"}},{"type":"Feature","geometry":{"type":"Polygon","coordinates":[[[78.3899315,17.2429475],[78.3899238,17.2426007],[78.3897218,17.2425896],[78.3897295,17.242948],[78.3899315,17.2429475]]]},"properties":{"ulpin":"TEPDPFC4A04CC7","survey_no":"187/6","sub_division":"6","state":"TG","village":"Shamshabad (R)","land_use":"residential","zone_code":"R2","area_sqm":838.92,"owner_name":"Komuraiah Bandi","ownership_type":"patta","story":null,"s2_label":"no_significant_change"}},{"type":"Feature","geometry":{"type":"Polygon","coordinates":[[[78.3901528,17.242947],[78.3901629,17.2426137],[78.3899238,17.2426007],[78.3899315,17.2429475],[78.3901528,17.242947]]]},"properties":{"ulpin":"TEPDPFC51F88D4","survey_no":"188/1","sub_division":"1","state":"TG","village":"Shamshabad (R)","land_use":"residential","zone_code":"R2","area_sqm":922.6,"owner_name":"Swarna Latha Rachakonda","ownership_type":"patta","story":null,"s2_label":"no_significant_change"}},{"type":"Feature","geometry":{"type":"Polygon","coordinates":[[[78.3897295,17.242948],[78.3897224,17.2426196],[78.3895098,17.2426323],[78.3895396,17.2429484],[78.3897295,17.242948]]]},"properties":{"ulpin":"TEPDPFC5537AEB","survey_no":"187/5","sub_division":"5","state":"TG","village":"Shamshabad (R)","land_use":"residential","zone_code":"R2","area_sqm":765.76,"owner_name":"Agastya Natarajan","ownership_type":"patta","story":null,"s2_label":"no_significant_change"}},{"type":"Feature","geometry":{"type":"Polygon","coordinates":[[[78.3892865,17.242662],[78.3892983,17.2428035],[78.3892983,17.2428041],[78.3893083,17.2429456],[78.3893083,17.2429463],[78.3893085,17.242949],[78.3895396,17.2429484],[78.3895098,17.2426323],[78.3892849,17.2426457],[78.3892864,17.2426616],[78.3892865,17.242662]]]},"properties":{"ulpin":"TEPDPFC4118DD5","survey_no":"187/4","sub_division":"4","state":"TG","village":"Shamshabad (R)","land_use":"vacant","zone_code":"R2","area_sqm":832.05,"owner_name":"Komuraiah Kethavath","ownership_type":"patta","story":null,"s2_label":"no_significant_change"}},{"type":"Feature","geometry":{"type":"Polygon","coordinates":[[[78.389273,17.2425197],[78.3892731,17.2425201],[78.3892849,17.2426457],[78.3897224,17.2426196],[78.389718,17.2424124],[78.389266,17.2424514],[78.389273,17.2425197]]]},"properties":{"ulpin":"TEPDPFCE3BBE5B","survey_no":"189/1","sub_division":"1","state":"TG","village":"Shamshabad (R)","land_use":"residential","zone_code":"R2","area_sqm":1055.98,"owner_name":"Ucchal Atwal","ownership_type":"patta","story":null,"s2_label":"no_significant_change"}},{"type":"Feature","geometry":{"type":"Polygon","coordinates":[[[78.3892434,17.2422366],[78.3892434,17.2422367],[78.3892585,17.2423781],[78.3892586,17.2423783],[78.389266,17.2424514],[78.3895125,17.2424301],[78.389484,17.2421778],[78.3892365,17.2421723],[78.3892434,17.2422366]]]},"properties":{"ulpin":"TEPDPFC6FB9E1F","survey_no":"189/4A","sub_division":"4A","state":"TG","village":"Shamshabad (R)","land_use":"residential","zone_code":"R2","area_sqm":775.42,"owner_name":"Chandra Sekhar Gattu","ownership_type":"patta","story":null,"s2_label":"no_significant_change"}},{"type":"Feature","geometry":{"type":"Polygon","coordinates":[[[78.389718,17.2424124],[78.389713,17.2421815],[78.3895353,17.2421789],[78.3895349,17.2421789],[78.389484,17.2421778],[78.3895125,17.2424301],[78.389718,17.2424124]]]},"properties":{"ulpin":"TEPDPFCB26FD3A","survey_no":"189/4B","sub_division":"4B","state":"TG","village":"Shamshabad (R)","land_use":"vacant","zone_code":"R2","area_sqm":619.36,"owner_name":"Bhavani Puligilla","ownership_type":"patta","story":null,"s2_label":"no_significant_change"}}]}